0,0,0,1
0,0,1,1
0,0,2,1
0,0,3,1
0,0,4,3
0,0,5,1
0,0,6,2
0,0,7,2
0,0,8,1
0,0,9,1
0,0,10,2
0,0,11,1
0,0,12,1
0,0,13,1
0,0,14,2
0,0,15,1
0,0,16,1
0,0,17,6
0,0,18,2
0,0,19,1
0,0,20,2
0,0,21,1
0,0,22,1
0,0,23,1
0,0,24,1
0,0,25,1
0,0,26,1
0,0,27,1
0,0,28,1
0,0,29,2
0,0,30,2
0,0,31,1
0,0,32,2
0,0,33,1
0,0,34,2
0,0,35,2
0,0,36,2
0,0,37,1
0,0,38,9
0,0,39,1
0,0,40,5
0,0,41,2
0,0,42,2
0,0,43,1
0,0,44,1
0,0,45,1
0,0,46,1
0,0,47,1
0,0,48,1
0,0,49,2
0,0,50,6
0,0,51,8
0,0,52,1
0,0,53,1
0,0,54,1
0,0,55,1
0,1,31,1
0,1,48,1
0,1,56,2
0,1,57,1
0,1,58,1
0,1,59,2
0,1,60,1
0,1,61,4
0,1,62,1
0,1,63,1
0,1,64,1
0,1,65,1
0,1,66,1
0,1,67,1
0,1,68,1
0,1,69,1
0,1,70,2
0,1,71,3
0,1,72,1
0,1,73,1
0,1,74,1
0,1,75,2
0,1,76,1
0,1,77,1
0,1,78,1
0,1,79,1
0,1,80,1
0,1,81,1
0,1,82,1
0,1,83,1
0,1,84,1
0,1,85,3
0,1,86,1
0,1,87,1
0,1,88,1
0,1,89,1
0,1,90,2
0,1,91,1
0,1,92,1
0,1,93,1
0,1,94,3
0,1,95,1
0,1,96,1
0,1,97,2
0,1,98,2
0,1,99,2
0,1,100,1
0,1,101,1
0,1,102,1
0,1,103,1
0,1,104,2
0,1,105,1
0,2,16,2
0,2,31,1
0,2,45,4
0,2,56,2
0,2,59,1
0,2,65,1
0,2,78,1
0,2,81,1
0,2,92,2
0,2,106,1
0,2,107,2
0,2,108,1
0,2,109,1
0,2,110,1
0,2,111,1
0,2,112,1
0,2,113,2
0,2,114,1
0,2,115,1
0,2,116,10
0,2,117,1
0,2,118,1
0,2,119,1
0,2,120,2
0,2,121,1
0,2,122,1
0,2,123,1
0,2,124,1
0,2,125,1
0,2,126,2
0,2,127,1
0,2,128,1
0,2,129,1
0,2,130,1
0,2,131,1
0,2,132,1
0,2,133,1
0,2,134,1
0,2,135,1
0,2,136,1
0,2,137,1
0,3,7,1
0,3,9,1
0,3,14,1
0,3,17,1
0,3,40,1
0,3,51,1
0,3,54,2
0,3,60,2
0,3,68,1
0,3,77,1
0,3,81,2
0,3,86,1
0,3,92,1
0,3,93,2
0,3,96,1
0,3,105,1
0,3,115,2
0,3,127,1
0,3,138,1
0,3,139,1
0,3,140,1
0,3,141,1
0,3,142,1
0,3,143,1
0,3,144,3
0,3,145,1
0,3,146,1
0,3,147,1
0,3,148,1
0,3,149,1
0,3,150,9
0,3,151,1
0,3,152,2
0,3,153,4
0,3,154,1
0,3,155,1
0,3,156,2
0,3,157,11
0,3,158,7
0,3,159,1
0,3,160,1
0,3,161,1
0,3,162,4
0,3,163,1
0,3,164,2
0,3,165,1
0,3,166,1
0,3,167,2
0,3,168,1
0,3,169,1
0,3,170,1
0,3,171,1
0,3,172,7
1,0,4,1
1,0,15,5
1,0,17,5
1,0,18,4
1,0,19,1
1,0,20,1
1,0,26,3
1,0,32,1
1,0,34,3
1,0,37,2
1,0,40,6
1,0,41,2
1,0,45,1
1,0,47,2
1,0,50,9
1,0,51,2
1,0,53,3
1,0,67,1
1,0,68,2
1,0,76,1
1,0,82,1
1,0,93,2
1,0,136,1
1,0,137,1
1,0,144,1
1,0,159,1
1,0,161,4
1,0,173,1
1,0,174,1
1,0,175,1
1,0,176,1
1,0,177,1
1,0,178,1
1,0,179,2
1,0,180,2
1,0,181,1
1,0,182,1
1,0,183,1
1,0,184,4
1,0,185,1
1,0,186,2
1,0,187,1
1,0,188,3
1,0,189,2
1,0,190,2
1,0,191,1
1,0,192,3
1,0,193,1
1,0,194,1
1,0,195,1
1,0,196,1
1,0,197,1
1,0,198,1
1,0,199,6
1,0,200,4
1,0,201,1
1,0,202,1
1,0,203,2
1,0,204,1
1,1,13,1
1,1,43,1
1,1,45,1
1,1,59,1
1,1,61,1
1,1,63,1
1,1,64,2
1,1,67,2
1,1,70,1
1,1,71,2
1,1,75,1
1,1,86,1
1,1,90,3
1,1,93,1
1,1,94,5
1,1,95,1
1,1,99,3
1,1,105,2
1,1,107,1
1,1,144,1
1,1,161,3
1,1,169,1
1,1,173,1
1,1,175,1
1,1,179,2
1,1,188,2
1,1,201,2
1,1,203,2
1,1,205,6
1,1,206,2
1,1,207,1
1,1,208,1
1,1,209,1
1,1,210,1
1,1,211,1
1,1,212,1
1,1,213,1
1,1,214,1
1,1,215,1
1,1,216,1
1,1,217,2
1,1,218,1
1,1,219,4
1,1,220,1
1,1,221,2
1,1,222,1
1,1,223,1
1,1,224,1
1,1,225,1
1,1,226,1
1,2,12,3
1,2,24,1
1,2,27,1
1,2,56,1
1,2,58,2
1,2,59,1
1,2,65,1
1,2,76,1
1,2,92,1
1,2,105,1
1,2,107,4
1,2,112,1
1,2,116,1
1,2,125,2
1,2,135,1
1,2,151,1
1,2,161,1
1,2,175,1
1,2,177,1
1,2,178,1
1,2,193,1
1,2,194,1
1,2,206,2
1,2,214,1
1,2,221,1
1,2,224,1
1,2,227,4
1,2,228,2
1,2,229,3
1,2,230,2
1,2,231,3
1,2,232,1
1,2,233,1
1,2,234,1
1,2,235,2
1,2,236,1
1,2,237,1
1,2,238,1
1,2,239,1
1,2,240,1
1,2,241,1
1,2,242,1
1,2,243,2
1,2,244,1
1,2,245,2
1,3,7,1
1,3,12,2
1,3,19,1
1,3,20,1
1,3,28,2
1,3,57,1
1,3,61,1
1,3,63,1
1,3,75,2
1,3,76,1
1,3,77,1
1,3,85,1
1,3,93,1
1,3,94,1
1,3,99,1
1,3,108,1
1,3,109,1
1,3,140,1
1,3,143,1
1,3,145,2
1,3,150,2
1,3,153,1
1,3,162,4
1,3,172,5
1,3,174,1
1,3,175,1
1,3,177,1
1,3,192,1
1,3,198,1
1,3,206,1
1,3,216,1
1,3,225,1
1,3,227,3
1,3,246,1
1,3,247,1
1,3,248,1
1,3,249,2
1,3,250,1
1,3,251,1
1,3,252,1
1,3,253,1
1,3,254,2
1,3,255,1
1,3,256,1
1,3,257,2
1,3,258,1
1,3,259,4
1,3,260,1
1,3,261,1
1,3,262,1
1,3,263,1
1,3,264,1
1,3,265,1
1,3,266,1
1,3,267,1
1,3,268,1
1,3,269,1
1,3,270,1
1,3,271,2
1,3,272,1
1,3,273,1
1,3,274,1
1,3,275,2
1,3,276,1
1,3,277,1
1,3,278,2
1,3,279,1
1,3,280,1
1,3,281,1
1,3,282,2
1,3,283,1
1,3,284,2
10,0,4,1
10,0,6,1
10,0,15,4
10,0,18,3
10,0,20,1
10,0,28,2
10,0,31,1
10,0,32,1
10,0,34,2
10,0,40,9
10,0,41,6
10,0,47,3
10,0,50,13
10,0,53,1
10,0,54,1
10,0,76,1
10,0,82,2
10,0,124,1
10,0,136,2
10,0,143,1
10,0,144,2
10,0,149,1
10,0,160,1
10,0,184,1
10,0,188,4
10,0,199,2
10,0,200,1
10,0,201,3
10,0,203,2
10,0,221,2
10,0,279,1
10,0,284,1
10,0,285,1
10,0,286,1
10,0,287,2
10,0,288,2
10,0,289,1
10,0,290,1
10,0,291,1
10,0,292,3
10,0,293,1
10,0,294,1
10,0,295,1
10,0,296,2
10,0,297,1
10,0,298,2
10,0,299,1
10,0,300,1
10,0,301,2
10,0,302,1
10,0,303,2
10,0,304,1
10,0,305,1
10,0,306,1
10,0,307,1
10,0,308,2
10,0,309,1
10,0,310,1
10,0,311,1
10,0,312,1
10,0,313,2
10,0,314,1
10,0,315,2
10,0,316,1
10,0,317,1
10,1,28,1
10,1,35,1
10,1,36,1
10,1,50,2
10,1,54,2
10,1,61,2
10,1,70,1
10,1,75,4
10,1,76,1
10,1,80,2
10,1,90,2
10,1,94,13
10,1,97,1
10,1,99,2
10,1,101,1
10,1,102,1
10,1,105,2
10,1,136,1
10,1,144,1
10,1,163,5
10,1,175,1
10,1,198,1
10,1,201,3
10,1,203,2
10,1,205,2
10,1,208,1
10,1,209,1
10,1,285,3
10,1,287,2
10,1,289,1
10,1,292,3
10,1,307,1
10,1,315,2
10,1,317,1
10,1,318,1
10,1,319,2
10,1,320,1
10,1,321,1
10,1,322,2
10,1,323,1
10,1,324,1
10,1,325,1
10,1,326,3
10,1,327,1
10,1,328,1
10,1,329,1
10,1,330,1
10,1,331,2
10,2,16,1
10,2,21,1
10,2,37,1
10,2,45,1
10,2,50,2
10,2,72,3
10,2,76,1
10,2,112,2
10,2,116,1
10,2,123,1
10,2,125,1
10,2,129,1
10,2,133,1
10,2,164,1
10,2,183,1
10,2,188,7
10,2,193,2
10,2,206,1
10,2,221,1
10,2,233,1
10,2,243,1
10,2,245,2
10,2,288,1
10,2,294,1
10,2,297,1
10,2,302,3
10,2,303,3
10,2,310,3
10,2,315,1
10,2,332,2
10,2,333,1
10,2,334,2
10,2,335,1
10,2,336,1
10,2,337,2
10,2,338,1
10,2,339,1
10,2,340,1
10,2,341,1
10,2,342,1
10,3,16,1
10,3,18,1
10,3,27,2
10,3,28,1
10,3,54,2
10,3,57,5
10,3,85,5
10,3,91,1
10,3,93,1
10,3,96,1
10,3,97,1
10,3,130,1
10,3,150,3
10,3,158,2
10,3,162,1
10,3,172,1
10,3,194,1
10,3,195,1
10,3,206,3
10,3,216,1
10,3,221,1
10,3,223,2
10,3,225,2
10,3,227,1
10,3,267,1
10,3,271,1
10,3,291,1
10,3,301,1
10,3,307,1
10,3,309,1
10,3,313,1
10,3,322,1
10,3,323,1
10,3,341,4
10,3,342,1
10,3,343,1
10,3,344,1
10,3,345,2
10,3,346,1
10,3,347,1
10,3,348,1
10,3,349,1
10,3,350,1
10,3,351,1
10,3,352,1
10,3,353,2
10,3,354,1
10,3,355,1
10,3,356,1
11,0,4,2
11,0,6,1
11,0,10,1
11,0,15,2
11,0,17,1
11,0,18,7
11,0,20,1
11,0,21,2
11,0,26,1
11,0,32,2
11,0,34,3
11,0,35,1
11,0,37,1
11,0,40,3
11,0,41,3
11,0,47,3
11,0,50,16
11,0,53,1
11,0,56,1
11,0,67,1
11,0,69,1
11,0,87,1
11,0,93,3
11,0,98,1
11,0,101,1
11,0,140,1
11,0,144,1
11,0,146,1
11,0,166,2
11,0,184,1
11,0,185,2
11,0,195,1
11,0,200,1
11,0,201,5
11,0,203,1
11,0,204,1
11,0,212,2
11,0,214,1
11,0,297,1
11,0,299,2
11,0,313,1
11,0,315,1
11,0,323,1
11,0,357,1
11,0,358,4
11,0,359,1
11,0,360,1
11,0,361,1
11,0,362,1
11,0,363,1
11,0,364,2
11,0,365,1
11,0,366,1
11,0,367,1
11,0,368,2
11,0,369,1
11,0,370,1
11,0,371,2
11,0,372,1
11,0,373,1
11,0,374,1
11,0,375,2
11,0,376,6
11,0,377,1
11,1,10,1
11,1,15,1
11,1,29,1
11,1,40,1
11,1,50,2
11,1,59,1
11,1,61,5
11,1,67,2
11,1,68,1
11,1,69,1
11,1,75,2
11,1,76,1
11,1,80,1
11,1,85,1
11,1,90,2
11,1,93,1
11,1,94,2
11,1,96,1
11,1,99,2
11,1,101,2
11,1,123,1
11,1,140,2
11,1,144,1
11,1,155,1
11,1,166,2
11,1,188,10
11,1,192,1
11,1,201,5
11,1,203,1
11,1,205,2
11,1,211,1
11,1,223,2
11,1,234,1
11,1,251,1
11,1,263,1
11,1,291,1
11,1,313,2
11,1,317,1
11,1,319,1
11,1,349,1
11,1,366,1
11,1,369,1
11,1,374,1
11,1,376,1
11,1,378,1
11,1,379,4
11,1,380,1
11,1,381,1
11,1,382,1
11,1,383,1
11,1,384,4
11,1,385,1
11,1,386,2
11,1,387,1
11,1,388,3
11,1,389,1
11,1,390,1
11,1,391,1
11,1,392,1
11,2,6,2
11,2,10,1
11,2,15,7
11,2,18,2
11,2,21,1
11,2,27,2
11,2,29,1
11,2,40,2
11,2,47,2
11,2,50,5
11,2,54,2
11,2,56,1
11,2,60,2
11,2,69,1
11,2,81,2
11,2,107,1
11,2,116,1
11,2,118,2
11,2,120,1
11,2,123,1
11,2,125,1
11,2,127,2
11,2,148,1
11,2,149,2
11,2,154,1
11,2,166,1
11,2,175,1
11,2,201,5
11,2,203,1
11,2,206,1
11,2,221,2
11,2,233,1
11,2,236,3
11,2,240,1
11,2,260,1
11,2,294,1
11,2,299,1
11,2,306,1
11,2,323,1
11,2,351,1
11,2,362,1
11,2,365,1
11,2,366,1
11,2,376,1
11,2,383,2
11,2,388,1
11,2,393,1
11,2,394,1
11,2,395,1
11,2,396,1
11,2,397,1
11,2,398,1
11,2,399,1
11,2,400,1
11,2,401,1
11,2,402,1
11,2,403,1
11,2,404,2
11,3,12,2
11,3,21,1
11,3,24,1
11,3,27,1
11,3,28,1
11,3,54,1
11,3,60,2
11,3,61,2
11,3,76,1
11,3,80,3
11,3,85,2
11,3,93,2
11,3,96,1
11,3,101,2
11,3,104,2
11,3,112,1
11,3,145,1
11,3,146,2
11,3,150,4
11,3,151,7
11,3,153,1
11,3,157,5
11,3,158,1
11,3,161,1
11,3,162,4
11,3,171,1
11,3,172,5
11,3,200,3
11,3,206,2
11,3,207,1
11,3,233,1
11,3,264,1
11,3,265,1
11,3,269,1
11,3,290,1
11,3,313,1
11,3,322,3
11,3,332,1
11,3,341,2
11,3,351,1
11,3,365,2
11,3,376,1
11,3,388,1
11,3,391,1
11,3,396,2
11,3,398,2
11,3,405,1
11,3,406,2
11,3,407,1
11,3,408,1
11,3,409,3
11,3,410,1
11,3,411,2
11,3,412,1
11,3,413,3
11,3,414,1
11,3,415,1
11,3,416,2
11,3,417,2
11,3,418,2
11,3,419,1
11,3,420,5
11,3,421,1
11,3,422,4
11,3,423,1
11,3,424,1
12,0,6,3
12,0,9,1
12,0,14,1
12,0,15,5
12,0,17,8
12,0,18,3
12,0,19,2
12,0,26,8
12,0,28,1
12,0,29,1
12,0,32,2
12,0,34,7
12,0,37,1
12,0,40,3
12,0,41,4
12,0,47,3
12,0,50,7
12,0,53,3
12,0,67,3
12,0,69,4
12,0,70,1
12,0,76,1
12,0,81,1
12,0,84,1
12,0,86,1
12,0,115,1
12,0,124,1
12,0,137,3
12,0,144,1
12,0,158,1
12,0,175,1
12,0,183,1
12,0,188,4
12,0,198,1
12,0,220,1
12,0,221,1
12,0,250,2
12,0,255,1
12,0,270,1
12,0,301,1
12,0,306,1
12,0,331,1
12,0,347,1
12,0,350,1
12,0,360,3
12,0,366,5
12,0,372,1
12,0,381,1
12,0,387,1
12,0,394,1
12,0,415,2
12,0,418,1
12,0,425,1
12,0,426,1
12,0,427,4
12,0,428,1
12,0,429,2
12,0,430,4
12,0,431,1
12,0,432,1
12,0,433,1
12,0,434,1
12,0,435,2
12,0,436,1
12,0,437,1
12,0,438,4
12,0,439,1
12,0,440,3
12,0,441,1
12,0,442,1
12,0,443,1
12,0,444,1
12,0,445,2
12,1,27,1
12,1,32,2
12,1,48,3
12,1,61,3
12,1,64,1
12,1,67,2
12,1,76,4
12,1,83,2
12,1,85,1
12,1,89,1
12,1,92,1
12,1,94,15
12,1,95,3
12,1,98,1
12,1,99,2
12,1,101,1
12,1,115,2
12,1,117,1
12,1,120,1
12,1,121,1
12,1,124,5
12,1,163,3
12,1,167,1
12,1,170,1
12,1,183,1
12,1,186,2
12,1,194,1
12,1,205,5
12,1,208,4
12,1,209,2
12,1,214,1
12,1,217,2
12,1,221,2
12,1,223,1
12,1,254,1
12,1,258,1
12,1,263,2
12,1,268,1
12,1,271,1
12,1,284,5
12,1,301,1
12,1,310,1
12,1,313,1
12,1,317,1
12,1,332,1
12,1,344,1
12,1,361,1
12,1,376,3
12,1,403,1
12,1,419,1
12,1,429,1
12,1,436,1
12,1,446,1
12,1,447,1
12,1,448,1
12,1,449,1
12,1,450,1
12,1,451,1
12,1,452,2
12,1,453,1
12,1,454,1
12,1,455,1
12,1,456,2
12,1,457,1
12,1,458,1
12,2,12,1
12,2,21,2
12,2,31,1
12,2,35,1
12,2,43,1
12,2,44,1
12,2,48,1
12,2,55,1
12,2,59,1
12,2,67,2
12,2,101,3
12,2,107,1
12,2,110,1
12,2,116,11
12,2,118,1
12,2,120,9
12,2,121,3
12,2,123,1
12,2,129,1
12,2,143,1
12,2,161,3
12,2,175,2
12,2,183,1
12,2,204,1
12,2,221,2
12,2,227,1
12,2,236,1
12,2,248,1
12,2,251,1
12,2,254,2
12,2,258,1
12,2,278,1
12,2,284,1
12,2,313,1
12,2,317,1
12,2,323,1
12,2,328,2
12,2,338,1
12,2,380,2
12,2,399,1
12,2,400,1
12,2,404,2
12,2,407,1
12,2,425,1
12,2,429,1
12,2,439,1
12,2,449,1
12,2,459,2
12,2,460,3
12,2,461,1
12,2,462,1
12,2,463,1
12,2,464,1
12,2,465,5
12,2,466,1
12,2,467,1
12,2,468,1
12,3,12,1
12,3,19,1
12,3,22,1
12,3,28,1
12,3,31,2
12,3,39,1
12,3,48,1
12,3,56,3
12,3,61,2
12,3,68,2
12,3,80,1
12,3,81,1
12,3,89,1
12,3,108,1
12,3,124,2
12,3,145,1
12,3,150,2
12,3,158,2
12,3,162,6
12,3,170,6
12,3,172,3
12,3,183,2
12,3,185,5
12,3,190,2
12,3,198,1
12,3,203,2
12,3,216,6
12,3,217,3
12,3,227,2
12,3,246,2
12,3,254,1
12,3,258,2
12,3,284,1
12,3,292,1
12,3,319,1
12,3,323,4
12,3,341,2
12,3,345,1
12,3,356,1
12,3,364,1
12,3,391,1
12,3,411,2
12,3,419,2
12,3,445,1
12,3,455,1
12,3,461,1
12,3,469,1
12,3,470,1
12,3,471,1
12,3,472,1
12,3,473,1
12,3,474,5
12,3,475,7
12,3,476,1
12,3,477,1
12,3,478,1
12,3,479,1
12,3,480,1
12,3,481,6
12,3,482,2
12,3,483,1
12,3,484,1
13,0,4,7
13,0,15,10
13,0,17,2
13,0,18,4
13,0,32,1
13,0,34,2
13,0,40,13
13,0,47,3
13,0,50,17
13,0,51,3
13,0,53,6
13,0,59,1
13,0,60,1
13,0,105,1
13,0,123,1
13,0,144,1
13,0,147,1
13,0,148,1
13,0,153,2
13,0,162,1
13,0,174,2
13,0,180,2
13,0,184,5
13,0,185,4
13,0,192,1
13,0,198,1
13,0,200,2
13,0,203,3
13,0,272,1
13,0,285,1
13,0,287,1
13,0,297,2
13,0,298,1
13,0,303,1
13,0,304,1
13,0,305,1
13,0,311,1
13,0,315,1
13,0,323,1
13,0,327,1
13,0,332,1
13,0,334,2
13,0,344,1
13,0,354,2
13,0,366,3
13,0,371,1
13,0,378,1
13,0,388,1
13,0,397,1
13,0,404,3
13,0,431,1
13,0,447,1
13,0,485,1
13,0,486,1
13,0,487,2
13,0,488,2
13,0,489,1
13,0,490,1
13,0,491,2
13,0,492,1
13,0,493,1
13,1,12,1
13,1,15,2
13,1,27,1
13,1,57,1
13,1,59,1
13,1,61,4
13,1,76,1
13,1,79,1
13,1,85,1
13,1,86,1
13,1,88,1
13,1,90,1
13,1,94,6
13,1,99,1
13,1,105,1
13,1,130,2
13,1,138,1
13,1,146,1
13,1,148,1
13,1,155,1
13,1,188,2
13,1,192,1
13,1,203,2
13,1,205,3
13,1,206,1
13,1,208,1
13,1,209,1
13,1,319,1
13,1,326,1
13,1,351,2
13,1,353,1
13,1,365,1
13,1,384,1
13,1,386,1
13,1,436,1
13,1,443,1
13,1,485,1
13,1,494,1
13,1,495,1
13,2,25,1
13,2,51,2
13,2,58,1
13,2,72,1
13,2,76,1
13,2,79,1
13,2,107,1
13,2,113,1
13,2,125,3
13,2,135,1
13,2,146,2
13,2,184,1
13,2,196,1
13,2,199,2
13,2,227,2
13,2,228,3
13,2,310,1
13,2,484,1
13,3,54,2
13,3,56,1
13,3,67,1
13,3,70,2
13,3,73,2
13,3,85,2
13,3,88,1
13,3,93,4
13,3,96,5
13,3,105,1
13,3,115,1
13,3,117,1
13,3,150,5
13,3,151,4
13,3,158,1
13,3,160,1
13,3,162,1
13,3,170,1
13,3,172,2
13,3,183,1
13,3,198,1
13,3,239,1
13,3,305,2
13,3,310,1
13,3,317,2
13,3,319,1
13,3,322,1
13,3,334,1
13,3,345,1
13,3,372,1
13,3,386,1
13,3,395,1
13,3,400,4
13,3,405,1
13,3,445,1
13,3,467,1
13,3,492,2
13,3,496,1
13,3,497,1
13,3,498,1
13,3,499,1
13,3,500,1
13,3,501,2
13,3,502,1
14,0,4,3
14,0,8,1
14,0,15,6
14,0,17,3
14,0,18,6
14,0,25,1
14,0,26,2
14,0,27,1
14,0,32,3
14,0,34,3
14,0,40,11
14,0,41,6
14,0,45,1
14,0,47,5
14,0,50,19
14,0,53,5
14,0,76,1
14,0,82,1
14,0,85,1
14,0,105,1
14,0,140,1
14,0,183,1
14,0,184,4
14,0,185,6
14,0,192,1
14,0,194,1
14,0,195,1
14,0,199,1
14,0,200,2
14,0,204,1
14,0,214,1
14,0,218,1
14,0,220,4
14,0,283,1
14,0,285,1
14,0,287,1
14,0,292,1
14,0,304,1
14,0,311,2
14,0,334,1
14,0,432,1
14,0,469,1
14,0,487,1
14,0,499,1
14,0,503,1
14,0,504,1
14,0,505,1
14,0,506,2
14,0,507,2
14,0,508,1
14,0,509,1
14,1,16,1
14,1,28,1
14,1,61,1
14,1,67,1
14,1,75,1
14,1,83,1
14,1,90,3
14,1,94,9
14,1,99,5
14,1,105,1
14,1,143,1
14,1,144,1
14,1,146,1
14,1,163,1
14,1,175,1
14,1,195,1
14,1,203,1
14,1,209,1
14,1,217,1
14,1,221,1
14,1,222,1
14,1,231,1
14,1,254,1
14,1,271,1
14,1,280,1
14,1,319,1
14,1,326,2
14,1,344,1
14,1,347,1
14,1,359,2
14,1,403,3
14,1,420,1
14,1,510,1
14,1,511,1
14,1,512,1
14,1,513,1
14,1,514,1
14,1,515,1
14,1,516,1
14,2,37,1
14,2,78,1
14,2,89,1
14,2,92,1
14,2,115,1
14,2,116,6
14,2,119,1
14,2,120,2
14,2,125,1
14,2,128,1
14,2,132,2
14,2,137,1
14,2,138,1
14,2,142,1
14,2,183,1
14,2,214,1
14,2,231,1
14,2,275,1
14,2,281,1
14,2,289,1
14,2,319,1
14,2,323,1
14,2,338,1
14,2,399,1
14,2,413,2
14,2,457,1
14,2,463,1
14,2,499,1
14,2,512,1
14,2,513,1
14,2,517,1
14,2,518,4
14,2,519,1
14,2,520,1
14,2,521,5
14,3,39,1
14,3,48,1
14,3,50,1
14,3,62,1
14,3,63,1
14,3,68,1
14,3,70,2
14,3,79,1
14,3,86,1
14,3,92,2
14,3,93,1
14,3,98,1
14,3,105,2
14,3,145,2
14,3,150,4
14,3,152,1
14,3,158,2
14,3,159,1
14,3,162,3
14,3,167,1
14,3,172,5
14,3,192,1
14,3,200,1
14,3,204,1
14,3,214,1
14,3,216,1
14,3,221,1
14,3,225,1
14,3,256,1
14,3,342,1
14,3,374,1
14,3,376,1
14,3,384,1
14,3,385,1
14,3,411,2
14,3,422,1
14,3,464,1
14,3,474,2
14,3,475,1
14,3,482,1
14,3,492,2
14,3,499,1
14,3,514,1
14,3,520,1
14,3,522,2
14,3,523,1
14,3,524,1
14,3,525,1
14,3,526,1
14,3,527,1
14,3,528,1
14,3,529,1
14,3,530,1
15,0,4,2
15,0,8,1
15,0,11,1
15,0,15,2
15,0,18,1
15,0,19,1
15,0,24,1
15,0,31,1
15,0,34,1
15,0,39,1
15,0,40,1
15,0,44,1
15,0,47,1
15,0,50,3
15,0,56,1
15,0,68,2
15,0,86,1
15,0,117,1
15,0,138,1
15,0,165,1
15,0,169,1
15,0,184,1
15,0,198,1
15,0,199,2
15,0,204,1
15,0,223,1
15,0,226,1
15,0,261,1
15,0,271,1
15,0,293,1
15,0,296,1
15,0,327,1
15,0,334,1
15,0,366,1
15,0,368,2
15,0,377,1
15,0,433,1
15,0,451,1
15,0,518,1
15,0,531,1
15,0,532,1
15,0,533,1
15,0,534,1
15,0,535,1
15,0,536,3
15,0,537,1
15,0,538,1
15,0,539,1
15,0,540,1
15,0,541,1
15,1,63,1
15,1,67,3
15,1,74,1
15,1,83,1
15,1,90,1
15,1,94,14
15,1,99,2
15,1,101,1
15,1,112,4
15,1,134,1
15,1,163,1
15,1,205,1
15,1,208,1
15,1,209,1
15,1,221,2
15,1,233,2
15,1,234,1
15,1,236,1
15,1,259,1
15,1,265,2
15,1,305,1
15,1,344,1
15,1,424,1
15,1,447,1
15,1,448,1
15,1,462,1
15,1,498,2
15,1,500,1
15,1,531,1
15,1,537,1
15,1,542,1
15,1,543,1
15,2,27,1
15,2,63,2
15,2,112,1
15,2,113,1
15,2,119,1
15,2,126,1
15,2,146,1
15,2,161,2
15,2,198,1
15,2,206,1
15,2,213,1
15,2,221,1
15,2,228,16
15,2,233,1
15,2,268,2
15,2,301,1
15,2,323,2
15,2,347,1
15,2,375,1
15,2,433,1
15,2,447,3
15,2,448,1
15,2,474,1
15,2,484,1
15,2,504,1
15,2,544,1
15,2,545,1
15,2,546,1
15,3,3,1
15,3,17,1
15,3,37,1
15,3,56,1
15,3,63,1
15,3,85,2
15,3,97,1
15,3,104,1
15,3,123,1
15,3,150,3
15,3,157,4
15,3,158,3
15,3,162,4
15,3,165,1
15,3,171,1
15,3,172,7
15,3,184,1
15,3,192,1
15,3,193,1
15,3,194,2
15,3,200,3
15,3,206,1
15,3,221,1
15,3,223,1
15,3,236,2
15,3,241,1
15,3,244,1
15,3,281,1
15,3,337,1
15,3,365,5
15,3,389,1
15,3,400,1
15,3,409,1
15,3,421,4
15,3,423,1
15,3,435,1
15,3,462,1
15,3,464,1
15,3,517,1
15,3,521,1
15,3,532,1
15,3,547,1
15,3,548,1
15,3,549,1
16,0,3,1
16,0,4,2
16,0,7,1
16,0,9,1
16,0,12,1
16,0,15,13
16,0,17,1
16,0,18,6
16,0,26,1
16,0,32,3
16,0,34,5
16,0,37,1
16,0,40,4
16,0,41,5
16,0,47,4
16,0,50,12
16,0,51,2
16,0,53,3
16,0,54,1
16,0,59,1
16,0,68,1
16,0,69,3
16,0,81,2
16,0,82,2
16,0,90,1
16,0,118,1
16,0,130,1
16,0,136,1
16,0,147,1
16,0,184,2
16,0,185,2
16,0,200,4
16,0,204,1
16,0,254,1
16,0,301,1
16,0,314,1
16,0,322,2
16,0,335,3
16,0,340,1
16,0,356,1
16,0,364,1
16,0,366,1
16,0,368,4
16,0,378,1
16,0,397,1
16,0,404,1
16,0,468,1
16,0,487,3
16,0,491,1
16,0,512,1
16,0,550,13
16,0,551,7
16,0,552,1
16,0,553,1
16,0,554,1
16,0,555,1
16,0,556,2
16,1,10,1
16,1,16,1
16,1,27,1
16,1,45,1
16,1,58,1
16,1,61,5
16,1,64,1
16,1,83,2
16,1,85,1
16,1,90,2
16,1,92,1
16,1,94,9
16,1,95,8
16,1,96,1
16,1,99,2
16,1,102,1
16,1,105,1
16,1,107,2
16,1,115,1
16,1,136,1
16,1,137,1
16,1,144,1
16,1,148,1
16,1,154,1
16,1,161,1
16,1,169,2
16,1,171,1
16,1,179,1
16,1,180,1
16,1,182,1
16,1,186,3
16,1,205,8
16,1,208,1
16,1,209,1
16,1,214,2
16,1,217,1
16,1,227,2
16,1,239,1
16,1,240,1
16,1,244,1
16,1,247,1
16,1,258,1
16,1,271,1
16,1,279,1
16,1,289,1
16,1,301,2
16,1,342,1
16,1,349,1
16,1,354,1
16,1,366,2
16,1,372,1
16,1,380,1
16,1,413,1
16,1,431,1
16,1,456,3
16,1,486,1
16,1,497,1
16,1,512,2
16,1,514,1
16,1,550,9
16,1,551,9
16,1,552,1
16,1,553,1
16,1,557,1
16,1,558,1
16,1,559,1
16,1,560,3
16,1,561,1
16,1,562,1
16,1,563,1
16,1,564,1
16,1,565,1
16,1,566,1
16,2,5,1
16,2,42,1
16,2,45,1
16,2,92,1
16,2,101,1
16,2,115,1
16,2,116,2
16,2,119,1
16,2,125,2
16,2,143,1
16,2,146,1
16,2,188,1
16,2,227,4
16,2,240,3
16,2,241,1
16,2,248,1
16,2,250,1
16,2,298,1
16,2,301,1
16,2,302,1
16,2,306,1
16,2,313,1
16,2,322,2
16,2,398,1
16,2,402,1
16,2,447,2
16,2,453,2
16,2,463,2
16,2,466,3
16,2,478,1
16,2,484,2
16,2,514,1
16,2,550,14
16,2,551,6
16,2,552,1
16,2,553,1
16,2,562,1
16,2,567,1
16,2,568,1
16,2,569,1
16,2,570,1
16,2,571,1
16,2,572,1
16,2,573,1
16,3,12,1
16,3,14,1
16,3,17,2
16,3,29,2
16,3,49,1
16,3,54,2
16,3,57,4
16,3,76,1
16,3,81,1
16,3,85,1
16,3,93,1
16,3,107,1
16,3,123,1
16,3,145,4
16,3,150,3
16,3,156,1
16,3,157,9
16,3,162,4
16,3,172,7
16,3,200,1
16,3,201,2
16,3,223,2
16,3,241,1
16,3,248,1
16,3,267,2
16,3,292,1
16,3,305,1
16,3,342,1
16,3,347,2
16,3,353,1
16,3,356,1
16,3,365,1
16,3,368,1
16,3,392,1
16,3,402,2
16,3,408,1
16,3,435,1
16,3,486,1
16,3,514,1
16,3,549,2
16,3,550,11
16,3,551,9
16,3,552,1
16,3,553,1
16,3,574,1
16,3,575,1
16,3,576,2
16,3,577,1
17,0,4,2
17,0,14,6
17,0,15,2
17,0,17,10
17,0,18,1
17,0,24,1
17,0,25,3
17,0,26,8
17,0,31,1
17,0,32,2
17,0,34,2
17,0,40,11
17,0,41,11
17,0,45,1
17,0,47,3
17,0,48,1
17,0,50,10
17,0,53,1
17,0,67,2
17,0,69,2
17,0,76,1
17,0,101,1
17,0,107,1
17,0,115,2
17,0,124,2
17,0,145,1
17,0,179,1
17,0,185,1
17,0,194,1
17,0,196,7
17,0,199,2
17,0,218,3
17,0,266,1
17,0,295,1
17,0,300,1
17,0,303,1
17,0,313,1
17,0,340,1
17,0,365,1
17,0,366,1
17,0,367,2
17,0,372,1
17,0,387,1
17,0,488,1
17,0,490,1
17,0,498,1
17,0,526,3
17,0,528,1
17,0,539,1
17,0,542,1
17,0,548,1
17,0,568,2
17,0,570,1
17,0,576,1
17,0,578,1
17,0,579,1
17,0,580,2
17,0,581,1
17,0,582,3
17,1,31,3
17,1,57,2
17,1,67,1
17,1,69,2
17,1,76,2
17,1,81,2
17,1,85,8
17,1,88,1
17,1,90,3
17,1,92,1
17,1,93,1
17,1,94,2
17,1,99,2
17,1,105,1
17,1,117,1
17,1,124,1
17,1,126,1
17,1,161,2
17,1,206,2
17,1,219,1
17,1,238,1
17,1,247,1
17,1,251,1
17,1,253,1
17,1,276,1
17,1,284,1
17,1,296,1
17,1,313,1
17,1,323,1
17,1,337,2
17,1,343,1
17,1,351,2
17,1,354,1
17,1,362,3
17,1,366,1
17,1,372,2
17,1,380,1
17,1,383,1
17,1,388,1
17,1,389,2
17,1,396,1
17,1,417,1
17,1,445,1
17,1,458,1
17,1,486,1
17,1,489,1
17,1,496,1
17,1,497,3
17,1,514,2
17,1,516,2
17,1,526,4
17,1,541,1
17,1,542,1
17,1,559,1
17,1,562,1
17,1,583,1
17,1,584,1
17,1,585,1
17,1,586,1
17,1,587,1
17,1,588,2
17,1,589,1
17,2,21,1
17,2,24,2
17,2,27,1
17,2,45,3
17,2,52,1
17,2,56,2
17,2,59,1
17,2,60,1
17,2,67,3
17,2,80,1
17,2,81,1
17,2,99,1
17,2,101,2
17,2,105,1
17,2,109,2
17,2,110,2
17,2,116,2
17,2,123,2
17,2,125,2
17,2,137,1
17,2,141,1
17,2,146,1
17,2,148,1
17,2,154,2
17,2,160,1
17,2,161,1
17,2,193,1
17,2,206,1
17,2,218,1
17,2,227,1
17,2,268,2
17,2,299,1
17,2,306,1
17,2,310,1
17,2,323,2
17,2,351,7
17,2,359,2
17,2,366,1
17,2,367,2
17,2,372,1
17,2,374,1
17,2,376,3
17,2,396,1
17,2,399,1
17,2,401,1
17,2,413,5
17,2,418,1
17,2,434,10
17,2,444,1
17,2,447,1
17,2,459,1
17,2,465,1
17,2,470,1
17,2,515,2
17,2,516,1
17,2,526,3
17,2,568,1
17,2,583,1
17,2,584,2
17,2,585,2
17,2,590,1
17,2,591,2
17,2,592,2
17,2,593,1
17,2,594,1
17,3,1,1
17,3,10,1
17,3,24,1
17,3,44,2
17,3,59,1
17,3,68,1
17,3,69,1
17,3,75,1
17,3,76,2
17,3,81,1
17,3,87,1
17,3,93,1
17,3,103,2
17,3,105,2
17,3,115,1
17,3,123,1
17,3,145,1
17,3,150,7
17,3,154,1
17,3,155,3
17,3,157,3
17,3,158,2
17,3,162,2
17,3,172,4
17,3,191,1
17,3,192,1
17,3,223,1
17,3,247,1
17,3,253,1
17,3,263,1
17,3,264,1
17,3,268,2
17,3,271,2
17,3,281,1
17,3,284,7
17,3,296,1
17,3,307,1
17,3,317,1
17,3,323,1
17,3,337,3
17,3,341,2
17,3,342,1
17,3,347,1
17,3,365,1
17,3,372,1
17,3,387,1
17,3,389,1
17,3,393,1
17,3,409,2
17,3,421,1
17,3,427,1
17,3,443,1
17,3,480,1
17,3,486,1
17,3,510,1
17,3,516,2
17,3,526,8
17,3,558,3
17,3,559,2
17,3,560,2
17,3,575,4
17,3,578,1
17,3,595,1
17,3,596,1
17,3,597,1
17,3,598,1
17,3,599,1
17,3,600,1
17,3,601,1
18,0,1,1
18,0,4,2
18,0,8,2
18,0,12,1
18,0,18,2
18,0,19,1
18,0,32,1
18,0,34,3
18,0,40,4
18,0,41,10
18,0,47,1
18,0,50,6
18,0,53,7
18,0,59,1
18,0,82,3
18,0,115,1
18,0,138,1
18,0,194,1
18,0,198,2
18,0,212,1
18,0,257,2
18,0,365,1
18,0,367,1
18,0,415,1
18,0,429,1
18,0,437,2
18,0,438,1
18,0,440,2
18,0,445,1
18,0,447,1
18,0,467,1
18,0,469,1
18,0,476,2
18,0,602,1
18,0,603,1
18,0,604,1
18,0,605,1
18,1,4,1
18,1,13,1
18,1,27,1
18,1,31,1
18,1,44,1
18,1,61,4
18,1,64,1
18,1,69,1
18,1,70,1
18,1,76,2
18,1,90,1
18,1,91,1
18,1,92,1
18,1,94,13
18,1,96,2
18,1,99,1
18,1,115,1
18,1,136,1
18,1,155,1
18,1,161,2
18,1,171,1
18,1,204,1
18,1,205,2
18,1,209,1
18,1,217,2
18,1,219,1
18,1,220,1
18,1,221,2
18,1,239,1
18,1,247,2
18,1,253,2
18,1,271,1
18,1,278,1
18,1,292,1
18,1,297,1
18,1,305,1
18,1,313,1
18,1,345,4
18,1,347,1
18,1,359,1
18,1,360,1
18,1,365,1
18,1,391,1
18,1,445,2
18,1,469,1
18,1,525,1
18,1,583,1
18,1,596,1
18,1,606,1
18,2,36,1
18,2,44,1
18,2,58,1
18,2,59,1
18,2,60,3
18,2,69,1
18,2,79,1
18,2,81,3
18,2,105,1
18,2,112,2
18,2,116,10
18,2,120,1
18,2,125,2
18,2,128,1
18,2,131,1
18,2,132,1
18,2,140,1
18,2,154,3
18,2,160,1
18,2,169,1
18,2,183,1
18,2,187,1
18,2,193,1
18,2,201,1
18,2,204,2
18,2,205,1
18,2,226,1
18,2,227,2
18,2,231,2
18,2,233,2
18,2,237,1
18,2,278,1
18,2,284,2
18,2,294,1
18,2,303,2
18,2,351,2
18,2,360,1
18,2,365,2
18,2,401,1
18,2,417,1
18,2,421,1
18,2,459,1
18,2,467,3
18,2,469,1
18,2,526,1
18,2,598,1
18,2,604,2
18,2,607,1
18,2,608,1
18,3,12,1
18,3,22,1
18,3,48,1
18,3,54,4
18,3,59,3
18,3,60,2
18,3,61,2
18,3,69,1
18,3,70,2
18,3,81,2
18,3,102,1
18,3,105,1
18,3,136,1
18,3,145,1
18,3,150,10
18,3,157,2
18,3,158,1
18,3,162,1
18,3,167,4
18,3,172,1
18,3,188,1
18,3,190,2
18,3,194,1
18,3,204,1
18,3,206,2
18,3,236,1
18,3,241,1
18,3,247,2
18,3,253,2
18,3,268,2
18,3,269,1
18,3,284,2
18,3,286,1
18,3,298,1
18,3,311,2
18,3,341,2
18,3,344,1
18,3,347,2
18,3,354,4
18,3,385,1
18,3,405,1
18,3,411,2
18,3,422,2
18,3,439,1
18,3,446,1
18,3,469,1
18,3,474,2
18,3,477,1
18,3,490,1
18,3,492,3
18,3,495,3
18,3,507,1
18,3,512,1
18,3,514,2
18,3,525,1
18,3,543,1
18,3,577,1
18,3,598,1
18,3,606,1
18,3,609,1
18,3,610,1
19,0,4,1
19,0,15,7
19,0,16,2
19,0,17,2
19,0,18,8
19,0,26,2
19,0,28,1
19,0,32,1
19,0,34,2
19,0,40,2
19,0,41,2
19,0,45,1
19,0,47,2
19,0,50,5
19,0,53,2
19,0,76,1
19,0,140,1
19,0,176,1
19,0,188,18
19,0,193,1
19,0,197,1
19,0,203,1
19,0,221,2
19,0,265,1
19,0,272,1
19,0,279,1
19,0,302,3
19,0,303,3
19,0,334,1
19,0,336,1
19,0,359,2
19,0,365,2
19,0,372,1
19,0,428,1
19,0,434,1
19,0,464,1
19,0,484,1
19,0,508,1
19,0,569,1
19,0,573,1
19,0,588,2
19,0,603,1
19,0,611,1
19,0,612,3
19,1,11,1
19,1,57,1
19,1,61,5
19,1,64,4
19,1,67,1
19,1,69,1
19,1,75,1
19,1,90,2
19,1,94,7
19,1,99,2
19,1,101,1
19,1,115,1
19,1,142,1
19,1,144,1
19,1,155,1
19,1,163,3
19,1,170,1
19,1,201,1
19,1,203,2
19,1,208,3
19,1,209,3
19,1,217,4
19,1,273,1
19,1,284,1
19,1,319,2
19,1,332,6
19,1,356,1
19,1,382,1
19,1,387,3
19,1,558,3
19,2,12,1
19,2,21,1
19,2,28,3
19,2,29,1
19,2,42,2
19,2,44,1
19,2,105,1
19,2,116,3
19,2,120,1
19,2,125,3
19,2,136,1
19,2,140,1
19,2,180,1
19,2,227,2
19,2,229,1
19,2,231,2
19,2,237,2
19,2,240,1
19,2,272,1
19,2,320,1
19,2,337,1
19,2,347,1
19,2,364,1
19,2,399,1
19,2,430,1
19,2,439,1
19,2,465,1
19,2,493,3
19,2,496,2
19,2,498,1
19,2,508,1
19,2,588,1
19,2,611,1
19,3,28,2
19,3,54,3
19,3,75,4
19,3,79,2
19,3,105,1
19,3,136,1
19,3,142,1
19,3,145,4
19,3,150,4
19,3,161,1
19,3,162,2
19,3,163,3
19,3,172,3
19,3,174,1
19,3,176,1
19,3,179,1
19,3,203,1
19,3,223,2
19,3,227,1
19,3,284,2
19,3,330,1
19,3,337,3
19,3,391,2
19,3,402,1
19,3,531,1
19,3,549,1
19,3,595,1
19,3,612,2
2,0,2,1
2,0,4,1
2,0,6,2
2,0,9,1
2,0,15,3
2,0,17,5
2,0,18,5
2,0,19,1
2,0,26,4
2,0,32,1
2,0,34,3
2,0,40,2
2,0,41,3
2,0,45,1
2,0,47,3
2,0,50,12
2,0,51,6
2,0,53,1
2,0,56,1
2,0,84,1
2,0,86,3
2,0,93,1
2,0,124,1
2,0,136,1
2,0,144,1
2,0,194,1
2,0,197,1
2,0,199,1
2,0,203,1
2,0,206,1
2,0,211,1
2,0,232,1
2,0,240,1
2,0,250,2
2,0,256,1
2,0,259,1
2,0,268,1
2,0,287,1
2,0,301,1
2,0,303,1
2,0,320,1
2,0,333,1
2,0,366,1
2,0,376,1
2,0,405,1
2,0,458,1
2,0,464,1
2,0,490,1
2,0,493,1
2,0,505,1
2,0,512,1
2,0,526,1
2,0,543,1
2,0,577,2
2,0,579,1
2,0,602,1
2,0,609,1
2,0,612,4
2,1,27,2
2,1,31,1
2,1,56,1
2,1,64,2
2,1,76,1
2,1,83,3
2,1,88,1
2,1,90,1
2,1,93,3
2,1,94,11
2,1,99,1
2,1,105,1
2,1,119,1
2,1,144,1
2,1,146,2
2,1,163,1
2,1,175,2
2,1,205,1
2,1,208,1
2,1,209,1
2,1,214,4
2,1,256,1
2,1,269,1
2,1,271,1
2,1,289,2
2,1,313,1
2,1,319,1
2,1,331,2
2,1,354,1
2,1,371,1
2,1,392,1
2,1,393,1
2,1,394,1
2,1,436,1
2,1,445,1
2,1,448,1
2,1,458,1
2,1,491,1
2,1,498,1
2,1,506,1
2,1,514,2
2,1,525,1
2,1,529,3
2,1,543,2
2,1,546,1
2,1,567,1
2,1,613,1
2,1,614,1
2,1,615,2
2,2,2,1
2,2,30,1
2,2,33,1
2,2,36,1
2,2,45,4
2,2,63,1
2,2,73,2
2,2,92,1
2,2,105,1
2,2,112,3
2,2,116,8
2,2,119,1
2,2,122,1
2,2,123,1
2,2,124,1
2,2,129,1
2,2,131,3
2,2,132,1
2,2,133,1
2,2,144,1
2,2,156,1
2,2,161,1
2,2,192,2
2,2,202,1
2,2,233,4
2,2,239,1
2,2,240,4
2,2,258,1
2,2,277,2
2,2,320,1
2,2,332,1
2,2,334,1
2,2,355,1
2,2,359,1
2,2,363,1
2,2,366,1
2,2,367,1
2,2,400,1
2,2,439,2
2,2,459,1
2,2,460,1
2,2,479,1
2,2,571,4
2,2,612,1
2,2,616,1
2,3,16,1
2,3,46,1
2,3,48,1
2,3,54,1
2,3,93,6
2,3,96,1
2,3,102,1
2,3,107,1
2,3,115,1
2,3,145,1
2,3,150,5
2,3,152,3
2,3,155,2
2,3,158,2
2,3,160,1
2,3,161,1
2,3,162,4
2,3,172,5
2,3,178,1
2,3,195,1
2,3,200,1
2,3,225,1
2,3,256,1
2,3,264,2
2,3,266,1
2,3,269,1
2,3,271,1
2,3,284,4
2,3,312,1
2,3,319,1
2,3,330,1
2,3,347,1
2,3,366,1
2,3,392,4
2,3,393,1
2,3,411,1
2,3,505,1
2,3,512,1
2,3,529,1
2,3,534,1
2,3,577,1
2,3,610,1
2,3,617,1
2,3,618,1
20,0,4,3
20,0,7,2
20,0,15,6
20,0,17,1
20,0,18,4
20,0,26,1
20,0,28,1
20,0,32,3
20,0,34,2
20,0,40,7
20,0,41,8
20,0,44,1
20,0,47,2
20,0,50,10
20,0,53,3
20,0,77,2
20,0,82,2
20,0,85,4
20,0,86,2
20,0,136,1
20,0,144,1
20,0,148,1
20,0,171,1
20,0,189,1
20,0,192,1
20,0,199,1
20,0,204,1
20,0,231,1
20,0,257,1
20,0,323,1
20,0,328,1
20,0,358,4
20,0,359,1
20,0,365,1
20,0,425,1
20,0,437,1
20,0,441,1
20,0,470,1
20,0,492,1
20,0,540,1
20,0,556,1
20,0,573,1
20,0,606,1
20,0,619,1
20,0,620,1
20,1,24,2
20,1,48,2
20,1,61,1
20,1,64,2
20,1,69,1
20,1,83,5
20,1,90,2
20,1,94,13
20,1,95,1
20,1,96,1
20,1,99,2
20,1,104,1
20,1,113,1
20,1,136,1
20,1,144,1
20,1,156,2
20,1,163,1
20,1,174,1
20,1,203,1
20,1,205,12
20,1,209,2
20,1,217,5
20,1,230,1
20,1,240,3
20,1,244,3
20,1,253,1
20,1,273,1
20,1,274,2
20,1,284,1
20,1,337,1
20,1,357,1
20,1,374,2
20,1,376,1
20,1,411,1
20,1,413,1
20,1,422,1
20,1,464,1
20,1,470,1
20,1,502,1
20,1,504,1
20,1,511,1
20,1,514,1
20,1,517,1
20,1,563,4
20,1,611,1
20,1,619,2
20,1,621,2
20,2,44,1
20,2,45,1
20,2,67,1
20,2,83,1
20,2,92,1
20,2,97,1
20,2,109,3
20,2,110,3
20,2,112,6
20,2,115,1
20,2,116,5
20,2,123,1
20,2,125,4
20,2,133,4
20,2,137,6
20,2,141,2
20,2,144,1
20,2,164,3
20,2,172,1
20,2,183,1
20,2,192,1
20,2,218,1
20,2,221,1
20,2,233,6
20,2,244,1
20,2,289,1
20,2,335,1
20,2,337,1
20,2,378,1
20,2,413,4
20,2,434,4
20,2,459,2
20,2,468,2
20,2,493,2
20,2,517,1
20,2,545,1
20,2,578,1
20,2,586,1
20,2,619,1
20,3,16,1
20,3,29,1
20,3,49,3
20,3,52,1
20,3,61,1
20,3,75,3
20,3,100,1
20,3,101,1
20,3,102,1
20,3,105,2
20,3,141,1
20,3,144,1
20,3,150,8
20,3,152,4
20,3,158,4
20,3,162,2
20,3,167,1
20,3,172,2
20,3,200,1
20,3,225,2
20,3,227,1
20,3,240,1
20,3,248,1
20,3,249,2
20,3,260,2
20,3,273,1
20,3,275,2
20,3,284,2
20,3,316,2
20,3,317,2
20,3,328,1
20,3,334,1
20,3,346,1
20,3,366,2
20,3,379,2
20,3,390,1
20,3,392,1
20,3,400,1
20,3,411,1
20,3,421,2
20,3,470,1
20,3,474,4
20,3,482,2
20,3,492,1
20,3,503,1
20,3,504,1
20,3,530,1
20,3,575,5
20,3,600,2
20,3,604,1
20,3,611,1
20,3,622,1
21,0,15,2
21,0,17,9
21,0,18,6
21,0,26,2
21,0,27,2
21,0,28,1
21,0,31,1
21,0,34,2
21,0,40,3
21,0,41,2
21,0,47,1
21,0,50,8
21,0,53,6
21,0,54,2
21,0,60,1
21,0,67,1
21,0,69,1
21,0,92,1
21,0,101,2
21,0,105,2
21,0,106,1
21,0,111,2
21,0,141,1
21,0,143,1
21,0,161,3
21,0,200,2
21,0,201,2
21,0,221,1
21,0,232,1
21,0,254,2
21,0,307,1
21,0,317,1
21,0,322,1
21,0,328,1
21,0,342,1
21,0,365,4
21,0,398,1
21,0,409,2
21,0,421,2
21,0,431,1
21,0,457,1
21,0,509,1
21,0,519,1
21,0,536,1
21,0,547,1
21,0,588,1
21,0,612,1
21,0,623,6
21,0,624,1
21,1,10,1
21,1,16,1
21,1,21,1
21,1,28,1
21,1,33,2
21,1,35,1
21,1,59,2
21,1,61,2
21,1,67,6
21,1,79,1
21,1,90,1
21,1,94,17
21,1,99,1
21,1,101,6
21,1,102,1
21,1,105,1
21,1,140,1
21,1,155,3
21,1,161,2
21,1,165,1
21,1,175,1
21,1,205,2
21,1,214,1
21,1,217,2
21,1,218,1
21,1,221,1
21,1,229,1
21,1,244,1
21,1,251,1
21,1,266,1
21,1,271,1
21,1,351,1
21,1,357,1
21,1,363,1
21,1,374,1
21,1,391,1
21,1,448,1
21,1,465,2
21,1,510,1
21,1,512,1
21,1,514,1
21,1,516,1
21,1,519,3
21,1,527,3
21,1,532,1
21,1,562,1
21,1,576,1
21,1,596,1
21,1,597,1
21,1,625,1
21,1,626,1
21,2,7,1
21,2,9,2
21,2,33,2
21,2,44,1
21,2,45,3
21,2,65,1
21,2,73,1
21,2,79,1
21,2,107,1
21,2,116,2
21,2,135,1
21,2,144,1
21,2,161,1
21,2,194,1
21,2,214,7
21,2,231,4
21,2,240,1
21,2,245,1
21,2,262,1
21,2,310,1
21,2,343,1
21,2,365,1
21,2,373,1
21,2,400,3
21,2,465,2
21,2,527,1
21,2,557,1
21,2,571,1
21,3,1,1
21,3,8,1
21,3,10,1
21,3,11,1
21,3,18,1
21,3,27,1
21,3,35,1
21,3,46,1
21,3,48,1
21,3,54,1
21,3,67,1
21,3,68,4
21,3,74,1
21,3,79,2
21,3,84,1
21,3,85,1
21,3,86,1
21,3,101,1
21,3,102,2
21,3,105,1
21,3,145,1
21,3,146,1
21,3,150,3
21,3,158,3
21,3,160,1
21,3,161,1
21,3,162,4
21,3,172,6
21,3,179,1
21,3,185,1
21,3,190,1
21,3,192,1
21,3,200,1
21,3,216,2
21,3,231,14
21,3,271,1
21,3,281,1
21,3,290,2
21,3,292,1
21,3,305,1
21,3,327,1
21,3,328,1
21,3,348,1
21,3,356,1
21,3,357,1
21,3,364,1
21,3,365,3
21,3,366,2
21,3,392,4
21,3,400,1
21,3,415,1
21,3,416,2
21,3,421,1
21,3,425,1
21,3,435,1
21,3,457,1
21,3,475,2
21,3,515,1
21,3,534,1
21,3,612,1
21,3,614,2
21,3,619,1
22,0,0,1
22,0,4,1
22,0,5,1
22,0,8,1
22,0,10,2
22,0,14,2
22,0,15,3
22,0,17,1
22,0,19,1
22,0,26,2
22,0,32,1
22,0,34,1
22,0,40,5
22,0,43,1
22,0,45,1
22,0,47,2
22,0,50,8
22,0,53,4
22,0,54,1
22,0,69,4
22,0,82,1
22,0,107,4
22,0,138,1
22,0,176,1
22,0,194,1
22,0,196,1
22,0,199,1
22,0,207,1
22,0,243,1
22,0,315,1
22,0,351,1
22,0,352,1
22,0,368,1
22,0,429,1
22,0,432,2
22,0,435,2
22,0,470,1
22,0,492,1
22,0,509,1
22,0,518,1
22,0,548,1
22,0,556,1
22,0,577,1
22,0,599,2
22,0,627,1
22,0,628,3
22,0,629,1
22,1,0,1
22,1,10,1
22,1,21,1
22,1,27,1
22,1,54,2
22,1,58,2
22,1,60,1
22,1,61,1
22,1,64,4
22,1,73,1
22,1,77,1
22,1,81,2
22,1,87,2
22,1,90,1
22,1,94,3
22,1,96,2
22,1,99,1
22,1,105,1
22,1,115,1
22,1,137,1
22,1,138,1
22,1,145,1
22,1,146,2
22,1,165,1
22,1,194,1
22,1,206,1
22,1,217,1
22,1,231,1
22,1,248,1
22,1,249,5
22,1,268,1
22,1,284,1
22,1,292,1
22,1,318,1
22,1,332,1
22,1,345,1
22,1,353,3
22,1,449,1
22,1,483,1
22,1,510,1
22,1,512,1
22,1,532,1
22,1,534,2
22,1,566,1
22,1,574,1
22,1,577,2
22,1,585,1
22,1,596,1
22,1,617,2
22,1,630,1
22,1,631,3
22,2,2,1
22,2,7,1
22,2,27,2
22,2,30,1
22,2,42,3
22,2,45,1
22,2,63,1
22,2,81,1
22,2,107,1
22,2,116,6
22,2,125,3
22,2,131,1
22,2,138,4
22,2,175,1
22,2,178,1
22,2,206,4
22,2,228,2
22,2,235,1
22,2,269,1
22,2,323,2
22,2,326,1
22,2,335,1
22,2,373,1
22,2,388,1
22,2,398,1
22,2,413,1
22,2,432,1
22,2,445,1
22,2,532,1
22,2,585,5
22,2,606,1
22,2,629,2
22,2,631,2
22,2,632,1
22,2,633,1
22,2,634,1
22,3,21,1
22,3,27,1
22,3,54,1
22,3,56,1
22,3,60,1
22,3,63,1
22,3,69,1
22,3,77,1
22,3,98,1
22,3,105,1
22,3,106,1
22,3,130,1
22,3,138,2
22,3,146,1
22,3,150,1
22,3,152,1
22,3,158,1
22,3,162,1
22,3,172,1
22,3,181,1
22,3,190,1
22,3,192,1
22,3,194,2
22,3,204,2
22,3,206,2
22,3,210,1
22,3,247,2
22,3,251,1
22,3,253,2
22,3,317,1
22,3,318,1
22,3,353,2
22,3,365,2
22,3,366,1
22,3,373,1
22,3,393,1
22,3,395,1
22,3,420,1
22,3,428,1
22,3,430,1
22,3,432,1
22,3,491,1
22,3,496,1
22,3,501,2
22,3,549,1
22,3,560,1
22,3,569,1
22,3,591,1
22,3,593,1
22,3,603,2
22,3,606,1
22,3,610,1
22,3,614,1
22,3,627,1
22,3,629,1
22,3,631,1
23,0,4,5
23,0,12,1
23,0,15,6
23,0,17,1
23,0,18,1
23,0,19,5
23,0,26,1
23,0,28,1
23,0,29,1
23,0,32,4
23,0,34,7
23,0,35,1
23,0,40,3
23,0,41,3
23,0,47,3
23,0,50,7
23,0,56,1
23,0,60,1
23,0,66,1
23,0,69,1
23,0,76,1
23,0,81,1
23,0,144,2
23,0,199,2
23,0,221,1
23,0,299,1
23,0,393,1
23,0,429,1
23,0,502,1
23,0,516,1
23,0,526,1
23,0,565,1
23,0,570,2
23,0,585,1
23,0,600,2
23,0,606,1
23,0,632,1
23,1,16,1
23,1,21,4
23,1,24,3
23,1,27,1
23,1,28,2
23,1,60,1
23,1,75,1
23,1,80,1
23,1,81,3
23,1,83,1
23,1,88,1
23,1,90,3
23,1,94,6
23,1,99,3
23,1,105,1
23,1,124,1
23,1,163,1
23,1,176,2
23,1,206,1
23,1,242,1
23,1,250,1
23,1,342,1
23,1,344,1
23,1,445,1
23,1,465,1
23,1,469,1
23,1,494,1
23,1,526,1
23,1,532,2
23,1,574,1
23,1,586,1
23,1,589,1
23,1,606,1
23,1,626,1
23,1,635,1
23,1,636,1
23,2,12,2
23,2,67,1
23,2,81,1
23,2,112,2
23,2,123,3
23,2,125,4
23,2,128,1
23,2,129,4
23,2,132,10
23,2,133,4
23,2,143,1
23,2,171,1
23,2,195,1
23,2,206,1
23,2,218,1
23,2,228,4
23,2,233,2
23,2,303,2
23,2,326,1
23,2,328,1
23,2,334,3
23,2,336,1
23,2,426,1
23,2,449,2
23,2,471,1
23,2,526,2
23,2,590,1
23,2,637,1
23,3,12,1
23,3,56,1
23,3,60,1
23,3,87,1
23,3,107,1
23,3,124,2
23,3,136,1
23,3,140,1
23,3,145,4
23,3,150,7
23,3,162,3
23,3,170,2
23,3,171,1
23,3,172,3
23,3,175,1
23,3,187,1
23,3,204,2
23,3,206,1
23,3,215,1
23,3,240,2
23,3,248,2
23,3,249,2
23,3,257,1
23,3,271,3
23,3,364,1
23,3,365,1
23,3,393,1
23,3,426,1
23,3,470,1
23,3,479,1
23,3,506,1
23,3,512,1
23,3,526,2
23,3,546,1
23,3,561,1
23,3,602,1
23,3,609,1
24,0,4,1
24,0,7,1
24,0,9,1
24,0,10,1
24,0,12,1
24,0,15,3
24,0,16,1
24,0,17,1
24,0,18,6
24,0,23,1
24,0,25,2
24,0,26,1
24,0,27,1
24,0,28,1
24,0,33,1
24,0,34,2
24,0,36,1
24,0,40,3
24,0,41,1
24,0,45,1
24,0,47,2
24,0,50,9
24,0,53,1
24,0,63,1
24,0,113,2
24,0,114,1
24,0,124,2
24,0,135,1
24,0,156,1
24,0,161,1
24,0,165,1
24,0,171,1
24,0,175,1
24,0,184,2
24,0,199,4
24,0,200,3
24,0,203,1
24,0,217,1
24,0,240,1
24,0,246,1
24,0,279,1
24,0,293,3
24,0,313,2
24,0,317,1
24,0,323,2
24,0,326,1
24,0,332,1
24,0,335,1
24,0,344,1
24,0,356,2
24,0,360,1
24,0,365,3
24,0,378,1
24,0,438,1
24,0,443,2
24,0,523,2
24,0,556,1
24,0,581,1
24,0,604,1
24,0,605,1
24,0,606,1
24,0,612,2
24,0,636,1
24,0,638,1
24,0,639,1
24,1,5,1
24,1,7,1
24,1,16,3
24,1,21,1
24,1,27,2
24,1,28,1
24,1,59,1
24,1,61,5
24,1,64,4
24,1,69,1
24,1,80,1
24,1,81,1
24,1,85,5
24,1,88,3
24,1,92,1
24,1,94,4
24,1,113,1
24,1,144,1
24,1,155,1
24,1,161,3
24,1,163,3
24,1,172,1
24,1,181,1
24,1,184,1
24,1,186,1
24,1,191,1
24,1,192,1
24,1,200,1
24,1,201,1
24,1,202,1
24,1,205,3
24,1,208,2
24,1,209,3
24,1,214,3
24,1,217,6
24,1,227,2
24,1,229,3
24,1,230,1
24,1,231,1
24,1,304,1
24,1,313,1
24,1,319,1
24,1,324,1
24,1,328,1
24,1,335,1
24,1,337,1
24,1,351,2
24,1,374,2
24,1,382,1
24,1,452,1
24,1,457,1
24,1,465,1
24,1,469,2
24,1,524,1
24,1,528,1
24,1,531,1
24,1,584,1
24,1,585,1
24,1,590,1
24,1,591,1
24,1,592,1
24,1,596,1
24,1,614,1
24,1,621,1
24,1,632,1
24,1,640,1
24,1,641,2
24,1,642,1
24,1,643,1
24,2,10,3
24,2,12,2
24,2,45,2
24,2,56,1
24,2,60,1
24,2,68,2
24,2,69,1
24,2,88,2
24,2,99,3
24,2,101,1
24,2,107,3
24,2,112,1
24,2,116,4
24,2,123,2
24,2,125,3
24,2,126,1
24,2,128,2
24,2,129,1
24,2,133,1
24,2,142,1
24,2,146,1
24,2,156,1
24,2,160,1
24,2,161,1
24,2,172,1
24,2,204,1
24,2,207,1
24,2,210,1
24,2,214,1
24,2,219,1
24,2,227,1
24,2,228,3
24,2,233,1
24,2,268,2
24,2,292,1
24,2,303,1
24,2,323,1
24,2,348,1
24,2,354,1
24,2,356,1
24,2,367,2
24,2,402,1
24,2,407,1
24,2,413,1
24,2,448,1
24,2,455,1
24,2,459,4
24,2,464,1
24,2,469,2
24,2,479,1
24,2,523,1
24,2,527,3
24,2,537,1
24,2,538,2
24,2,543,1
24,2,582,1
24,2,593,1
24,2,596,2
24,2,598,1
24,2,601,1
24,2,644,1
24,2,645,1
24,3,21,1
24,3,27,2
24,3,28,1
24,3,31,3
24,3,48,1
24,3,54,1
24,3,56,2
24,3,61,2
24,3,65,1
24,3,69,3
24,3,86,1
24,3,96,1
24,3,107,1
24,3,113,1
24,3,115,1
24,3,124,1
24,3,139,1
24,3,145,4
24,3,150,7
24,3,152,2
24,3,158,2
24,3,162,2
24,3,169,2
24,3,172,1
24,3,188,1
24,3,215,1
24,3,216,2
24,3,224,1
24,3,225,2
24,3,231,1
24,3,247,1
24,3,253,1
24,3,264,2
24,3,266,1
24,3,271,1
24,3,273,1
24,3,289,2
24,3,328,1
24,3,341,1
24,3,351,2
24,3,352,1
24,3,353,1
24,3,370,1
24,3,374,1
24,3,393,1
24,3,411,4
24,3,422,2
24,3,456,1
24,3,464,1
24,3,472,1
24,3,474,3
24,3,475,1
24,3,477,2
24,3,482,1
24,3,483,1
24,3,485,1
24,3,514,1
24,3,517,1
24,3,530,2
24,3,534,1
24,3,554,1
24,3,555,1
24,3,560,1
24,3,561,1
24,3,583,2
24,3,585,1
24,3,591,2
24,3,593,1
24,3,627,1
24,3,628,1
24,3,632,1
24,3,641,2
24,3,646,1
24,3,647,1
24,3,648,1
25,0,4,10
25,0,10,1
25,0,15,3
25,0,17,2
25,0,18,11
25,0,19,2
25,0,26,2
25,0,32,2
25,0,34,3
25,0,37,1
25,0,40,3
25,0,41,1
25,0,47,4
25,0,50,14
25,0,53,1
25,0,54,2
25,0,56,1
25,0,60,2
25,0,63,1
25,0,77,1
25,0,107,2
25,0,108,1
25,0,118,1
25,0,123,3
25,0,129,1
25,0,160,2
25,0,161,1
25,0,181,3
25,0,182,1
25,0,207,1
25,0,218,1
25,0,221,3
25,0,250,1
25,0,259,1
25,0,340,1
25,0,341,1
25,0,365,2
25,0,368,1
25,0,387,2
25,0,393,1
25,0,404,3
25,0,408,1
25,0,413,2
25,0,432,1
25,0,443,1
25,0,448,1
25,0,449,1
25,0,469,1
25,0,476,2
25,0,499,1
25,0,512,2
25,0,531,1
25,0,613,1
25,0,642,1
25,0,645,1
25,1,45,1
25,1,56,1
25,1,63,1
25,1,83,1
25,1,87,1
25,1,90,2
25,1,94,28
25,1,95,2
25,1,96,2
25,1,99,5
25,1,115,1
25,1,117,1
25,1,135,1
25,1,136,1
25,1,140,1
25,1,144,1
25,1,148,4
25,1,154,4
25,1,161,4
25,1,179,1
25,1,181,1
25,1,186,1
25,1,205,2
25,1,207,1
25,1,208,1
25,1,209,1
25,1,214,2
25,1,221,1
25,1,244,1
25,1,250,2
25,1,264,2
25,1,269,1
25,1,271,1
25,1,288,1
25,1,330,1
25,1,335,2
25,1,354,1
25,1,365,1
25,1,369,2
25,1,388,1
25,1,393,1
25,1,406,1
25,1,407,1
25,1,426,1
25,1,443,1
25,1,447,2
25,1,449,1
25,1,455,1
25,1,457,1
25,1,458,2
25,1,491,2
25,1,492,1
25,1,499,1
25,1,513,1
25,1,519,1
25,1,532,1
25,1,625,2
25,1,649,1
25,2,12,2
25,2,45,1
25,2,59,2
25,2,60,1
25,2,63,1
25,2,92,1
25,2,111,1
25,2,112,1
25,2,116,11
25,2,123,1
25,2,125,4
25,2,128,2
25,2,129,1
25,2,134,1
25,2,137,1
25,2,160,1
25,2,161,1
25,2,183,1
25,2,192,2
25,2,214,2
25,2,222,1
25,2,227,4
25,2,240,1
25,2,243,5
25,2,250,1
25,2,257,1
25,2,288,3
25,2,289,2
25,2,359,1
25,2,380,1
25,2,391,1
25,2,399,1
25,2,413,2
25,2,447,1
25,2,459,5
25,2,460,2
25,2,463,1
25,2,465,1
25,2,469,1
25,2,499,3
25,2,541,1
25,2,588,1
25,2,596,1
25,2,650,2
25,3,27,2
25,3,48,1
25,3,52,1
25,3,54,3
25,3,56,2
25,3,60,4
25,3,63,3
25,3,77,1
25,3,82,1
25,3,87,1
25,3,96,2
25,3,98,1
25,3,112,1
25,3,117,1
25,3,120,1
25,3,145,2
25,3,148,1
25,3,150,4
25,3,155,1
25,3,158,3
25,3,161,3
25,3,162,3
25,3,172,3
25,3,176,1
25,3,198,2
25,3,201,1
25,3,204,2
25,3,206,1
25,3,210,1
25,3,213,2
25,3,224,1
25,3,252,1
25,3,258,1
25,3,271,2
25,3,284,1
25,3,289,1
25,3,295,1
25,3,305,3
25,3,311,1
25,3,322,2
25,3,326,2
25,3,353,2
25,3,361,1
25,3,365,2
25,3,392,1
25,3,407,1
25,3,413,1
25,3,449,1
25,3,456,4
25,3,476,1
25,3,483,1
25,3,485,1
25,3,501,2
25,3,512,1
25,3,516,1
25,3,517,1
25,3,521,1
25,3,523,1
25,3,531,2
25,3,532,1
25,3,555,1
25,3,560,4
25,3,610,1
25,3,626,1
25,3,636,1
25,3,637,2
25,3,639,1
25,3,651,1
25,3,652,1
26,0,4,2
26,0,15,1
26,0,18,3
26,0,19,1
26,0,32,2
26,0,34,2
26,0,40,2
26,0,41,2
26,0,47,1
26,0,50,5
26,0,51,1
26,0,52,1
26,0,53,1
26,0,59,1
26,0,60,1
26,0,63,1
26,0,69,1
26,0,70,1
26,0,93,2
26,0,101,1
26,0,123,2
26,0,141,1
26,0,144,1
26,0,150,1
26,0,153,1
26,0,154,1
26,0,172,2
26,0,188,10
26,0,199,1
26,0,203,1
26,0,212,1
26,0,218,1
26,0,220,1
26,0,244,1
26,0,271,1
26,0,272,1
26,0,286,1
26,0,294,1
26,0,312,1
26,0,334,1
26,0,335,2
26,0,341,2
26,0,348,2
26,0,349,1
26,0,358,1
26,0,366,1
26,0,367,1
26,0,369,1
26,0,371,2
26,0,381,1
26,0,404,3
26,0,410,1
26,0,447,1
26,0,450,2
26,0,480,1
26,0,487,1
26,0,490,1
26,0,491,1
26,0,501,1
26,0,517,1
26,0,532,1
26,0,540,1
26,0,575,1
26,0,577,1
26,0,594,1
26,0,612,2
26,0,620,1
26,0,650,1
26,1,3,1
26,1,6,1
26,1,12,1
26,1,16,2
26,1,39,1
26,1,76,1
26,1,77,1
26,1,85,2
26,1,90,2
26,1,92,1
26,1,94,6
26,1,99,2
26,1,142,1
26,1,153,2
26,1,178,1
26,1,213,1
26,1,223,2
26,1,245,1
26,1,259,2
26,1,262,1
26,1,264,5
26,1,315,1
26,1,326,1
26,1,328,1
26,1,348,1
26,1,363,1
26,1,365,1
26,1,367,1
26,1,413,2
26,1,444,1
26,1,447,2
26,1,469,1
26,1,489,1
26,1,495,1
26,1,501,1
26,1,519,1
26,1,546,1
26,1,583,1
26,1,597,2
26,1,612,1
26,1,625,1
26,1,633,1
26,1,646,2
26,1,650,1
26,1,653,2
26,1,654,2
26,2,8,1
26,2,16,1
26,2,17,1
26,2,27,1
26,2,36,1
26,2,42,1
26,2,48,1
26,2,63,2
26,2,80,1
26,2,106,1
26,2,107,3
26,2,125,1
26,2,136,1
26,2,153,1
26,2,174,1
26,2,179,1
26,2,183,1
26,2,204,1
26,2,221,1
26,2,224,1
26,2,227,2
26,2,228,4
26,2,231,2
26,2,240,1
26,2,244,1
26,2,268,1
26,2,285,2
26,2,286,1
26,2,287,2
26,2,288,1
26,2,296,1
26,2,297,2
26,2,323,2
26,2,341,1
26,2,441,1
26,2,443,1
26,2,451,1
26,2,469,1
26,2,490,1
26,2,532,2
26,2,545,1
26,2,571,1
26,2,577,1
26,2,582,1
26,2,602,1
26,2,604,1
26,2,623,1
26,2,624,1
26,2,633,1
26,2,645,1
26,2,650,5
26,3,16,2
26,3,17,1
26,3,21,1
26,3,49,1
26,3,57,1
26,3,85,1
26,3,107,1
26,3,138,1
26,3,145,1
26,3,150,1
26,3,162,1
26,3,172,2
26,3,176,1
26,3,180,1
26,3,200,5
26,3,213,1
26,3,215,1
26,3,218,1
26,3,221,1
26,3,237,1
26,3,238,2
26,3,243,2
26,3,250,3
26,3,263,1
26,3,271,2
26,3,273,1
26,3,281,1
26,3,307,1
26,3,309,3
26,3,315,1
26,3,323,1
26,3,356,1
26,3,390,1
26,3,398,3
26,3,400,2
26,3,401,1
26,3,414,1
26,3,435,2
26,3,456,2
26,3,469,1
26,3,480,1
26,3,481,1
26,3,497,1
26,3,532,2
26,3,574,1
26,3,575,2
26,3,576,1
26,3,577,1
26,3,598,1
26,3,610,1
26,3,613,2
26,3,620,1
26,3,641,1
26,3,646,1
26,3,650,1
27,0,4,3
27,0,6,1
27,0,15,2
27,0,18,1
27,0,19,2
27,0,22,1
27,0,32,3
27,0,34,3
27,0,40,5
27,0,41,1
27,0,45,2
27,0,47,1
27,0,50,6
27,0,53,2
27,0,60,1
27,0,70,4
27,0,74,1
27,0,82,2
27,0,100,3
27,0,102,2
27,0,115,1
27,0,124,1
27,0,150,1
27,0,155,1
27,0,161,1
27,0,173,1
27,0,188,8
27,0,193,1
27,0,197,3
27,0,200,1
27,0,271,1
27,0,297,1
27,0,298,2
27,0,313,1
27,0,331,1
27,0,333,1
27,0,347,1
27,0,350,1
27,0,360,5
27,0,366,1
27,0,381,1
27,0,388,2
27,0,394,1
27,0,406,1
27,0,415,1
27,0,425,1
27,0,431,1
27,0,488,2
27,0,508,1
27,0,528,1
27,0,536,1
27,0,587,2
27,0,612,1
27,0,655,4
27,1,27,1
27,1,56,1
27,1,61,3
27,1,64,3
27,1,66,1
27,1,70,1
27,1,85,1
27,1,90,3
27,1,94,7
27,1,99,3
27,1,107,4
27,1,115,1
27,1,130,2
27,1,140,3
27,1,155,3
27,1,161,1
27,1,198,1
27,1,203,1
27,1,205,2
27,1,206,1
27,1,214,4
27,1,217,3
27,1,225,1
27,1,262,2
27,1,305,2
27,1,318,1
27,1,329,1
27,1,401,4
27,1,416,1
27,1,433,4
27,1,451,1
27,1,527,1
27,1,529,3
27,1,592,1
27,2,30,3
27,2,45,6
27,2,66,1
27,2,83,4
27,2,92,6
27,2,107,6
27,2,109,4
27,2,112,4
27,2,115,2
27,2,116,7
27,2,122,4
27,2,123,5
27,2,124,2
27,2,125,2
27,2,128,1
27,2,129,5
27,2,131,4
27,2,133,3
27,2,137,3
27,2,140,2
27,2,153,1
27,2,160,1
27,2,161,3
27,2,175,1
27,2,197,1
27,2,203,1
27,2,206,1
27,2,215,2
27,2,218,1
27,2,233,4
27,2,240,1
27,2,252,1
27,2,310,1
27,2,319,1
27,2,326,1
27,2,347,1
27,2,351,2
27,2,363,1
27,2,369,1
27,2,388,1
27,2,413,3
27,2,434,1
27,2,459,1
27,2,460,2
27,2,468,1
27,2,531,2
27,2,538,1
27,2,577,1
27,2,596,1
27,2,609,1
27,2,613,1
27,3,3,2
27,3,17,1
27,3,21,1
27,3,28,1
27,3,29,1
27,3,37,2
27,3,44,1
27,3,45,1
27,3,57,5
27,3,60,4
27,3,69,1
27,3,73,2
27,3,80,5
27,3,85,5
27,3,107,3
27,3,115,1
27,3,124,1
27,3,140,1
27,3,143,1
27,3,150,1
27,3,152,1
27,3,157,1
27,3,158,1
27,3,162,1
27,3,172,2
27,3,175,2
27,3,194,2
27,3,202,1
27,3,206,3
27,3,215,1
27,3,223,1
27,3,240,2
27,3,247,1
27,3,249,1
27,3,253,1
27,3,262,1
27,3,267,2
27,3,271,1
27,3,277,2
27,3,284,1
27,3,307,1
27,3,313,1
27,3,318,2
27,3,322,1
27,3,326,1
27,3,327,1
27,3,328,1
27,3,351,1
27,3,353,1
27,3,392,2
27,3,418,4
27,3,430,1
27,3,447,1
27,3,472,1
27,3,509,1
27,3,535,1
27,3,547,2
27,3,549,2
27,3,604,1
27,3,632,1
27,3,640,1
27,3,644,1
27,3,656,1
28,0,0,1
28,0,4,2
28,0,7,2
28,0,12,1
28,0,15,3
28,0,16,1
28,0,17,3
28,0,18,4
28,0,26,3
28,0,27,1
28,0,32,1
28,0,34,2
28,0,40,4
28,0,41,4
28,0,47,4
28,0,50,12
28,0,53,2
28,0,81,1
28,0,82,2
28,0,138,1
28,0,139,1
28,0,179,1
28,0,185,1
28,0,189,2
28,0,192,1
28,0,195,1
28,0,220,1
28,0,232,1
28,0,241,1
28,0,266,1
28,0,296,3
28,0,365,1
28,0,392,1
28,0,431,1
28,0,449,1
28,0,491,1
28,0,505,1
28,0,539,1
28,0,544,1
28,0,561,1
28,0,575,2
28,0,577,1
28,0,594,1
28,0,600,1
28,0,602,1
28,0,606,1
28,0,618,1
28,0,628,1
28,0,648,1
28,0,656,1
28,1,10,1
28,1,21,1
28,1,61,1
28,1,64,1
28,1,67,1
28,1,85,1
28,1,90,2
28,1,94,11
28,1,99,2
28,1,109,1
28,1,114,1
28,1,130,1
28,1,140,1
28,1,163,2
28,1,172,1
28,1,175,1
28,1,197,1
28,1,202,1
28,1,204,1
28,1,208,2
28,1,209,2
28,1,217,1
28,1,223,2
28,1,240,1
28,1,241,1
28,1,244,1
28,1,256,1
28,1,262,1
28,1,276,1
28,1,280,2
28,1,288,1
28,1,323,1
28,1,351,3
28,1,364,1
28,1,365,1
28,1,445,1
28,1,446,1
28,1,454,1
28,1,461,1
28,1,486,1
28,1,497,1
28,1,512,1
28,1,516,1
28,1,522,1
28,1,565,1
28,1,580,1
28,1,606,1
28,1,607,1
28,1,636,1
28,2,21,1
28,2,45,3
28,2,56,1
28,2,92,2
28,2,109,2
28,2,112,1
28,2,116,2
28,2,120,2
28,2,123,1
28,2,125,2
28,2,129,1
28,2,133,1
28,2,134,3
28,2,135,1
28,2,137,2
28,2,192,2
28,2,198,1
28,2,227,6
28,2,228,13
28,2,233,1
28,2,250,1
28,2,289,1
28,2,291,1
28,2,332,1
28,2,369,2
28,2,413,4
28,2,415,1
28,2,459,2
28,2,512,1
28,2,526,1
28,2,532,1
28,2,567,1
28,2,571,3
28,2,607,1
28,2,619,1
28,2,634,1
28,3,2,1
28,3,7,2
28,3,16,1
28,3,24,1
28,3,27,1
28,3,45,1
28,3,52,1
28,3,54,1
28,3,58,1
28,3,63,1
28,3,72,1
28,3,79,1
28,3,84,1
28,3,87,1
28,3,103,2
28,3,108,1
28,3,111,1
28,3,130,1
28,3,145,1
28,3,150,5
28,3,162,5
28,3,172,5
28,3,175,1
28,3,192,1
28,3,193,1
28,3,194,2
28,3,198,1
28,3,206,2
28,3,227,1
28,3,250,1
28,3,254,2
28,3,255,1
28,3,256,1
28,3,257,3
28,3,262,2
28,3,269,2
28,3,322,2
28,3,332,1
28,3,341,3
28,3,354,1
28,3,355,1
28,3,356,1
28,3,369,1
28,3,412,1
28,3,415,2
28,3,445,2
28,3,470,1
28,3,475,1
28,3,491,5
28,3,495,1
28,3,512,1
28,3,526,2
28,3,534,1
28,3,538,1
28,3,585,1
28,3,613,1
28,3,622,1
28,3,642,1
28,3,647,1
28,3,657,1
29,0,4,1
29,0,12,2
29,0,15,4
29,0,17,4
29,0,18,6
29,0,19,1
29,0,26,4
29,0,31,1
29,0,32,1
29,0,33,1
29,0,34,3
29,0,37,1
29,0,40,3
29,0,41,2
29,0,47,2
29,0,48,1
29,0,50,7
29,0,53,3
29,0,81,2
29,0,82,1
29,0,108,1
29,0,160,2
29,0,175,1
29,0,177,1
29,0,178,1
29,0,183,1
29,0,184,3
29,0,194,2
29,0,231,1
29,0,254,1
29,0,307,1
29,0,355,1
29,0,431,1
29,0,440,1
29,0,442,1
29,0,443,1
29,0,481,1
29,0,585,1
29,0,588,1
29,1,24,1
29,1,27,3
29,1,28,1
29,1,45,1
29,1,48,1
29,1,61,1
29,1,69,1
29,1,75,1
29,1,80,1
29,1,81,2
29,1,90,2
29,1,94,7
29,1,99,2
29,1,136,1
29,1,163,1
29,1,183,1
29,1,208,1
29,1,209,1
29,1,214,2
29,1,217,1
29,1,240,1
29,1,324,1
29,1,335,1
29,1,337,1
29,1,369,1
29,1,376,1
29,1,403,2
29,1,411,1
29,1,422,1
29,1,470,1
29,1,512,1
29,1,530,1
29,1,563,1
29,1,567,1
29,1,580,2
29,1,583,1
29,1,585,3
29,1,611,1
29,1,621,1
29,1,630,2
29,2,21,1
29,2,44,1
29,2,48,2
29,2,59,2
29,2,105,1
29,2,107,1
29,2,116,2
29,2,123,1
29,2,125,2
29,2,135,7
29,2,137,1
29,2,149,1
29,2,183,1
29,2,194,1
29,2,221,1
29,2,223,1
29,2,228,2
29,2,243,2
29,2,258,1
29,2,345,2
29,2,365,1
29,2,371,1
29,2,413,2
29,2,453,2
29,2,470,1
29,2,545,2
29,2,578,1
29,2,585,1
29,2,587,1
29,2,595,1
29,2,613,1
29,2,623,1
29,3,7,1
29,3,61,5
29,3,70,2
29,3,75,2
29,3,87,2
29,3,105,1
29,3,145,1
29,3,150,5
29,3,152,2
29,3,158,4
29,3,160,1
29,3,162,2
29,3,172,2
29,3,183,1
29,3,184,1
29,3,200,1
29,3,206,1
29,3,216,1
29,3,223,1
29,3,225,3
29,3,318,1
29,3,322,1
29,3,325,2
29,3,330,1
29,3,345,3
29,3,393,1
29,3,395,1
29,3,470,1
29,3,492,2
29,3,501,3
29,3,596,1
29,3,617,1
29,3,630,1
3,0,1,1
3,0,4,1
3,0,15,8
3,0,16,2
3,0,17,8
3,0,18,5
3,0,26,1
3,0,29,1
3,0,32,1
3,0,34,2
3,0,40,1
3,0,41,9
3,0,47,3
3,0,50,10
3,0,53,3
3,0,81,1
3,0,82,2
3,0,85,2
3,0,98,1
3,0,99,1
3,0,123,3
3,0,180,1
3,0,185,1
3,0,198,1
3,0,203,3
3,0,204,1
3,0,221,1
3,0,224,1
3,0,244,1
3,0,287,1
3,0,297,1
3,0,300,2
3,0,310,1
3,0,311,1
3,0,328,1
3,0,333,1
3,0,335,1
3,0,337,1
3,0,346,1
3,0,348,1
3,0,352,1
3,0,372,1
3,0,383,1
3,0,393,1
3,0,398,1
3,0,442,4
3,0,451,1
3,0,473,1
3,0,484,1
3,0,488,2
3,0,526,2
3,0,535,1
3,0,539,2
3,0,575,1
3,0,576,1
3,0,596,1
3,0,605,1
3,0,625,1
3,0,632,1
3,0,655,2
3,0,658,1
3,1,39,1
3,1,45,1
3,1,66,1
3,1,76,1
3,1,81,1
3,1,83,1
3,1,90,3
3,1,94,19
3,1,99,2
3,1,123,1
3,1,129,2
3,1,150,3
3,1,175,1
3,1,179,1
3,1,188,1
3,1,214,1
3,1,221,2
3,1,268,1
3,1,288,1
3,1,292,1
3,1,317,1
3,1,321,1
3,1,326,8
3,1,334,2
3,1,335,1
3,1,345,3
3,1,348,3
3,1,354,1
3,1,356,2
3,1,360,1
3,1,365,1
3,1,378,1
3,1,401,2
3,1,410,1
3,1,415,1
3,1,446,1
3,1,451,1
3,1,454,1
3,1,473,1
3,1,488,1
3,1,489,2
3,1,502,1
3,1,519,1
3,1,526,2
3,1,536,2
3,1,569,2
3,1,579,2
3,1,615,1
3,1,654,1
3,2,8,1
3,2,31,1
3,2,45,3
3,2,81,1
3,2,92,3
3,2,99,2
3,2,106,1
3,2,107,1
3,2,112,3
3,2,116,1
3,2,118,1
3,2,120,1
3,2,123,1
3,2,125,1
3,2,128,1
3,2,129,1
3,2,133,1
3,2,137,2
3,2,148,1
3,2,198,1
3,2,210,2
3,2,221,1
3,2,223,1
3,2,228,10
3,2,292,1
3,2,308,1
3,2,326,1
3,2,334,2
3,2,347,1
3,2,351,3
3,2,411,1
3,2,413,4
3,2,424,1
3,2,432,1
3,2,459,2
3,2,484,1
3,2,518,1
3,2,577,1
3,2,579,1
3,2,596,1
3,2,606,1
3,2,616,2
3,2,639,1
3,2,652,1
3,2,656,3
3,2,659,1
3,3,24,1
3,3,28,1
3,3,35,1
3,3,45,1
3,3,52,1
3,3,57,1
3,3,60,1
3,3,68,1
3,3,73,1
3,3,76,2
3,3,79,1
3,3,81,1
3,3,102,1
3,3,107,3
3,3,119,1
3,3,134,2
3,3,150,4
3,3,153,1
3,3,158,3
3,3,162,2
3,3,172,10
3,3,185,1
3,3,223,2
3,3,241,1
3,3,248,1
3,3,255,1
3,3,262,1
3,3,267,2
3,3,268,1
3,3,281,3
3,3,287,1
3,3,288,1
3,3,292,1
3,3,295,1
3,3,305,1
3,3,324,1
3,3,332,1
3,3,347,1
3,3,351,1
3,3,353,1
3,3,354,1
3,3,356,1
3,3,364,1
3,3,379,1
3,3,393,1
3,3,401,1
3,3,443,1
3,3,452,1
3,3,458,1
3,3,496,1
3,3,519,2
3,3,565,1
3,3,568,1
3,3,600,4
30,0,3,1
30,0,4,2
30,0,7,2
30,0,10,2
30,0,15,1
30,0,17,1
30,0,18,2
30,0,19,1
30,0,24,1
30,0,26,1
30,0,28,1
30,0,31,3
30,0,34,3
30,0,37,1
30,0,40,5
30,0,41,6
30,0,47,2
30,0,50,10
30,0,51,2
30,0,53,1
30,0,55,1
30,0,67,1
30,0,71,5
30,0,76,2
30,0,81,1
30,0,82,1
30,0,98,1
30,0,114,1
30,0,115,1
30,0,136,1
30,0,137,1
30,0,173,1
30,0,188,3
30,0,194,2
30,0,195,1
30,0,199,2
30,0,200,1
30,0,203,1
30,0,204,1
30,0,218,1
30,0,223,1
30,0,231,1
30,0,240,1
30,0,254,1
30,0,279,1
30,0,290,1
30,0,296,2
30,0,334,1
30,0,341,1
30,0,360,2
30,0,373,1
30,0,398,1
30,0,404,1
30,0,431,1
30,0,434,3
30,0,437,1
30,0,438,5
30,0,441,1
30,0,470,1
30,0,512,1
30,0,543,1
30,0,588,1
30,0,613,1
30,0,647,1
30,0,660,1
30,1,10,1
30,1,16,1
30,1,57,1
30,1,59,1
30,1,61,1
30,1,73,1
30,1,77,1
30,1,81,4
30,1,82,1
30,1,85,2
30,1,90,2
30,1,93,3
30,1,94,4
30,1,96,1
30,1,98,3
30,1,99,2
30,1,107,1
30,1,117,1
30,1,123,1
30,1,127,1
30,1,140,4
30,1,145,1
30,1,154,1
30,1,160,1
30,1,167,2
30,1,180,1
30,1,188,1
30,1,201,1
30,1,204,1
30,1,205,1
30,1,223,1
30,1,241,1
30,1,249,1
30,1,251,3
30,1,284,1
30,1,314,1
30,1,315,1
30,1,328,1
30,1,342,1
30,1,345,5
30,1,349,1
30,1,354,1
30,1,375,1
30,1,390,1
30,1,412,1
30,1,413,1
30,1,439,2
30,1,456,3
30,1,458,1
30,1,497,1
30,1,505,1
30,1,548,1
30,1,560,3
30,1,561,1
30,1,564,1
30,1,574,1
30,1,589,1
30,1,594,1
30,1,608,1
30,1,615,1
30,1,631,1
30,1,640,3
30,1,646,1
30,2,12,1
30,2,28,1
30,2,45,2
30,2,89,1
30,2,92,2
30,2,105,1
30,2,116,2
30,2,119,1
30,2,122,1
30,2,125,2
30,2,137,1
30,2,146,1
30,2,154,1
30,2,164,1
30,2,193,1
30,2,210,1
30,2,222,1
30,2,227,2
30,2,228,1
30,2,242,1
30,2,243,1
30,2,245,3
30,2,250,3
30,2,310,1
30,2,326,1
30,2,351,2
30,2,376,1
30,2,406,1
30,2,413,3
30,2,447,1
30,2,449,1
30,2,469,1
30,2,487,1
30,2,580,1
30,2,585,1
30,2,616,2
30,2,620,3
30,2,645,1
30,3,21,1
30,3,27,1
30,3,57,1
30,3,61,1
30,3,76,1
30,3,81,1
30,3,88,1
30,3,91,3
30,3,122,1
30,3,123,1
30,3,136,1
30,3,139,1
30,3,140,1
30,3,144,1
30,3,145,3
30,3,150,4
30,3,158,1
30,3,162,1
30,3,172,2
30,3,180,2
30,3,198,1
30,3,204,2
30,3,212,1
30,3,216,1
30,3,221,1
30,3,227,1
30,3,236,1
30,3,238,1
30,3,239,1
30,3,252,1
30,3,255,1
30,3,282,1
30,3,290,3
30,3,311,1
30,3,314,2
30,3,341,1
30,3,342,1
30,3,353,1
30,3,363,1
30,3,364,1
30,3,375,1
30,3,376,1
30,3,385,1
30,3,388,1
30,3,403,3
30,3,420,1
30,3,443,1
30,3,456,3
30,3,475,1
30,3,483,1
30,3,490,1
30,3,497,1
30,3,505,1
30,3,512,1
30,3,560,3
30,3,580,1
30,3,585,2
30,3,587,1
30,3,598,1
30,3,613,1
30,3,620,1
30,3,630,1
30,3,635,1
30,3,645,1
30,3,651,1
30,3,660,1
31,0,4,2
31,0,7,2
31,0,8,1
31,0,16,1
31,0,17,2
31,0,18,5
31,0,26,2
31,0,31,1
31,0,32,2
31,0,33,1
31,0,34,1
31,0,38,1
31,0,40,3
31,0,41,5
31,0,47,4
31,0,50,5
31,0,51,2
31,0,53,1
31,0,59,1
31,0,63,1
31,0,86,2
31,0,117,1
31,0,119,1
31,0,138,1
31,0,184,2
31,0,196,2
31,0,199,1
31,0,200,1
31,0,203,1
31,0,217,1
31,0,221,3
31,0,222,1
31,0,250,1
31,0,259,1
31,0,296,4
31,0,300,1
31,0,301,1
31,0,354,1
31,0,365,1
31,0,391,1
31,0,410,1
31,0,415,1
31,0,417,1
31,0,438,3
31,0,442,1
31,0,491,1
31,0,503,1
31,0,520,2
31,0,532,1
31,0,540,3
31,0,580,1
31,0,584,1
31,0,588,1
31,0,595,1
31,0,620,1
31,0,638,2
31,0,642,1
31,0,643,1
31,0,661,1
31,1,21,1
31,1,27,1
31,1,42,1
31,1,61,3
31,1,62,1
31,1,64,4
31,1,67,1
31,1,75,2
31,1,76,1
31,1,80,1
31,1,85,2
31,1,90,3
31,1,94,7
31,1,97,1
31,1,99,3
31,1,102,1
31,1,106,1
31,1,107,1
31,1,123,1
31,1,150,1
31,1,158,1
31,1,161,2
31,1,163,2
31,1,169,1
31,1,191,1
31,1,194,1
31,1,208,2
31,1,209,2
31,1,214,1
31,1,217,3
31,1,221,2
31,1,222,2
31,1,223,3
31,1,230,1
31,1,235,1
31,1,248,1
31,1,257,1
31,1,263,1
31,1,271,1
31,1,284,1
31,1,292,1
31,1,298,1
31,1,330,1
31,1,353,1
31,1,356,1
31,1,367,1
31,1,391,1
31,1,411,1
31,1,426,1
31,1,430,1
31,1,453,1
31,1,455,1
31,1,477,1
31,1,491,1
31,1,496,1
31,1,510,2
31,1,511,1
31,1,522,1
31,1,533,1
31,1,563,2
31,1,574,1
31,1,619,1
31,1,632,1
31,1,637,1
31,1,659,1
31,2,16,2
31,2,29,1
31,2,36,1
31,2,44,2
31,2,56,1
31,2,59,1
31,2,67,1
31,2,78,2
31,2,79,1
31,2,112,1
31,2,123,1
31,2,125,2
31,2,135,3
31,2,181,1
31,2,228,4
31,2,231,1
31,2,233,1
31,2,250,1
31,2,328,1
31,2,329,2
31,2,357,1
31,2,365,1
31,2,387,1
31,2,400,3
31,2,413,3
31,2,415,1
31,2,426,1
31,2,472,1
31,2,542,1
31,2,567,1
31,2,568,2
31,2,571,1
31,2,582,1
31,2,586,1
31,2,598,1
31,2,613,1
31,2,632,1
31,2,641,1
31,3,16,2
31,3,27,1
31,3,48,1
31,3,54,2
31,3,68,2
31,3,69,1
31,3,73,1
31,3,75,1
31,3,79,1
31,3,94,1
31,3,103,1
31,3,105,1
31,3,114,1
31,3,142,2
31,3,150,3
31,3,158,2
31,3,162,2
31,3,172,3
31,3,188,1
31,3,198,2
31,3,199,1
31,3,204,1
31,3,206,2
31,3,248,2
31,3,257,1
31,3,264,1
31,3,266,1
31,3,269,1
31,3,290,2
31,3,308,1
31,3,317,2
31,3,332,1
31,3,341,2
31,3,353,1
31,3,354,1
31,3,372,1
31,3,373,1
31,3,384,1
31,3,391,1
31,3,393,2
31,3,401,1
31,3,408,1
31,3,409,2
31,3,456,5
31,3,474,2
31,3,534,1
31,3,537,1
31,3,538,1
31,3,549,1
31,3,557,1
31,3,575,2
31,3,577,1
31,3,611,2
31,3,614,1
31,3,623,1
31,3,630,1
31,3,647,1
31,3,653,5
31,3,662,9
31,3,663,1
32,0,4,6
32,0,15,2
32,0,17,2
32,0,18,2
32,0,19,1
32,0,26,2
32,0,32,3
32,0,34,5
32,0,40,6
32,0,41,4
32,0,47,2
32,0,50,10
32,0,53,2
32,0,71,1
32,0,76,1
32,0,111,1
32,0,142,1
32,0,148,1
32,0,176,1
32,0,184,1
32,0,185,3
32,0,188,1
32,0,203,1
32,0,207,1
32,0,213,1
32,0,269,1
32,0,298,2
32,0,310,1
32,0,347,3
32,0,354,1
32,0,449,1
32,0,475,3
32,0,486,1
32,0,491,1
32,0,533,1
32,0,565,1
32,0,619,1
32,0,643,1
32,1,23,1
32,1,28,1
32,1,36,1
32,1,59,1
32,1,61,1
32,1,64,1
32,1,76,3
32,1,83,1
32,1,85,2
32,1,89,1
32,1,90,2
32,1,94,8
32,1,99,2
32,1,124,1
32,1,144,1
32,1,154,3
32,1,188,1
32,1,192,1
32,1,200,2
32,1,203,1
32,1,205,2
32,1,208,1
32,1,209,1
32,1,278,2
32,1,386,3
32,1,400,1
32,1,619,1
32,2,2,1
32,2,24,1
32,2,54,1
32,2,56,1
32,2,61,1
32,2,105,2
32,2,106,1
32,2,107,1
32,2,116,4
32,2,123,1
32,2,125,2
32,2,130,1
32,2,136,1
32,2,138,1
32,2,143,1
32,2,170,1
32,2,180,1
32,2,190,1
32,2,197,1
32,2,204,4
32,2,205,3
32,2,223,1
32,2,226,1
32,2,235,3
32,2,270,1
32,2,288,1
32,2,313,1
32,2,323,1
32,2,327,2
32,2,339,1
32,2,351,1
32,2,359,1
32,2,373,1
32,2,399,2
32,2,413,1
32,2,434,1
32,2,451,1
32,2,456,1
32,2,459,3
32,2,481,1
32,2,498,1
32,2,531,2
32,2,533,1
32,2,536,1
32,2,560,1
32,2,591,1
32,2,609,1
32,3,60,1
32,3,61,2
32,3,104,1
32,3,134,3
32,3,136,1
32,3,138,1
32,3,143,1
32,3,145,2
32,3,150,7
32,3,153,1
32,3,158,1
32,3,162,3
32,3,164,1
32,3,172,10
32,3,190,1
32,3,200,7
32,3,204,1
32,3,211,4
32,3,221,1
32,3,261,2
32,3,262,1
32,3,301,1
32,3,305,1
32,3,309,2
32,3,317,1
32,3,341,2
32,3,351,2
32,3,365,1
32,3,372,1
32,3,390,1
32,3,410,2
32,3,491,1
32,3,492,1
32,3,514,1
32,3,521,1
32,3,602,1
32,3,619,1
32,3,651,1
32,3,653,1
32,3,661,1
32,3,662,1
33,0,4,3
33,0,7,1
33,0,15,1
33,0,17,4
33,0,18,1
33,0,32,3
33,0,34,1
33,0,40,3
33,0,41,1
33,0,47,1
33,0,50,6
33,0,53,1
33,0,67,1
33,0,69,2
33,0,71,1
33,0,74,1
33,0,76,1
33,0,87,1
33,0,90,1
33,0,98,2
33,0,99,1
33,0,115,1
33,0,137,1
33,0,158,1
33,0,169,1
33,0,179,1
33,0,180,1
33,0,182,1
33,0,188,5
33,0,197,1
33,0,199,1
33,0,226,1
33,0,297,1
33,0,360,3
33,0,369,1
33,0,408,1
33,0,433,1
33,0,466,2
33,0,473,1
33,0,488,3
33,0,531,1
33,0,536,1
33,0,592,2
33,0,600,1
33,0,607,2
33,0,637,1
33,0,655,1
33,0,656,1
33,1,24,2
33,1,59,1
33,1,61,3
33,1,63,1
33,1,67,2
33,1,69,1
33,1,73,1
33,1,83,1
33,1,90,3
33,1,92,1
33,1,94,2
33,1,95,1
33,1,96,1
33,1,97,1
33,1,99,3
33,1,101,2
33,1,105,1
33,1,115,1
33,1,140,1
33,1,180,1
33,1,201,3
33,1,205,2
33,1,206,1
33,1,209,1
33,1,217,1
33,1,229,1
33,1,276,1
33,1,280,1
33,1,284,1
33,1,312,1
33,1,337,1
33,1,431,2
33,1,444,1
33,1,456,2
33,1,486,1
33,1,496,1
33,1,510,2
33,1,511,1
33,1,512,1
33,1,530,1
33,1,560,2
33,1,589,1
33,1,613,1
33,1,621,1
33,1,626,1
33,1,657,2
33,2,12,2
33,2,33,1
33,2,45,2
33,2,73,1
33,2,80,1
33,2,92,1
33,2,116,2
33,2,125,2
33,2,137,1
33,2,151,1
33,2,250,1
33,2,254,1
33,2,298,1
33,2,322,1
33,2,365,2
33,2,413,1
33,2,447,1
33,2,451,3
33,2,453,3
33,2,496,1
33,2,531,5
33,2,567,1
33,2,571,1
33,2,572,1
33,2,585,2
33,2,604,2
33,2,619,1
33,2,632,1
33,2,638,1
33,3,10,1
33,3,16,1
33,3,41,1
33,3,56,3
33,3,57,2
33,3,60,1
33,3,61,4
33,3,63,1
33,3,76,1
33,3,84,1
33,3,85,1
33,3,99,1
33,3,101,1
33,3,105,1
33,3,115,1
33,3,140,1
33,3,141,1
33,3,142,1
33,3,145,3
33,3,150,2
33,3,162,3
33,3,167,1
33,3,172,2
33,3,175,1
33,3,176,2
33,3,195,1
33,3,227,1
33,3,246,1
33,3,256,1
33,3,281,2
33,3,288,1
33,3,315,1
33,3,322,3
33,3,337,1
33,3,341,2
33,3,364,2
33,3,373,1
33,3,391,1
33,3,414,1
33,3,415,1
33,3,435,1
33,3,445,1
33,3,461,1
33,3,500,1
33,3,534,1
33,3,549,1
33,3,566,1
33,3,567,1
33,3,577,2
33,3,591,1
33,3,612,1
33,3,653,1
33,3,662,1
4,0,4,4
4,0,11,1
4,0,15,4
4,0,16,1
4,0,18,6
4,0,19,1
4,0,27,1
4,0,32,3
4,0,40,2
4,0,41,4
4,0,48,1
4,0,50,11
4,0,51,1
4,0,53,1
4,0,54,1
4,0,56,2
4,0,86,1
4,0,88,2
4,0,124,2
4,0,146,1
4,0,151,1
4,0,158,1
4,0,160,1
4,0,181,1
4,0,184,1
4,0,192,1
4,0,221,1
4,0,257,1
4,0,282,2
4,0,313,2
4,0,317,1
4,0,321,1
4,0,325,1
4,0,326,1
4,0,331,1
4,0,345,1
4,0,354,2
4,0,364,1
4,0,365,1
4,0,367,2
4,0,381,1
4,0,398,1
4,0,404,1
4,0,417,1
4,0,431,1
4,0,433,1
4,0,445,1
4,0,450,1
4,0,469,1
4,0,484,1
4,0,487,1
4,0,494,1
4,0,547,1
4,0,567,2
4,0,573,1
4,0,584,1
4,0,604,1
4,0,663,1
4,1,12,1
4,1,16,1
4,1,24,2
4,1,34,1
4,1,55,1
4,1,60,2
4,1,61,2
4,1,64,1
4,1,73,1
4,1,85,1
4,1,94,10
4,1,99,1
4,1,140,2
4,1,146,1
4,1,155,1
4,1,175,1
4,1,199,3
4,1,205,1
4,1,214,1
4,1,217,1
4,1,221,1
4,1,223,1
4,1,245,1
4,1,247,1
4,1,251,1
4,1,253,1
4,1,259,1
4,1,273,1
4,1,274,1
4,1,276,1
4,1,284,2
4,1,285,2
4,1,288,1
4,1,298,1
4,1,313,1
4,1,317,1
4,1,326,1
4,1,344,2
4,1,345,1
4,1,354,2
4,1,359,1
4,1,365,1
4,1,372,1
4,1,514,1
4,1,524,2
4,1,532,1
4,1,538,2
4,1,554,1
4,1,571,1
4,1,578,1
4,1,589,1
4,1,615,1
4,1,619,1
4,1,623,2
4,1,627,1
4,1,649,1
4,2,10,1
4,2,24,1
4,2,25,3
4,2,29,1
4,2,31,1
4,2,33,1
4,2,48,1
4,2,58,1
4,2,59,1
4,2,76,2
4,2,92,1
4,2,107,2
4,2,116,1
4,2,117,1
4,2,119,1
4,2,125,1
4,2,131,1
4,2,132,1
4,2,164,1
4,2,192,4
4,2,204,1
4,2,206,1
4,2,211,1
4,2,227,2
4,2,236,1
4,2,238,1
4,2,277,1
4,2,310,1
4,2,311,1
4,2,317,1
4,2,331,1
4,2,332,1
4,2,336,1
4,2,351,2
4,2,357,1
4,2,397,2
4,2,398,1
4,2,400,1
4,2,439,1
4,2,451,1
4,2,466,4
4,2,484,1
4,2,491,1
4,2,506,1
4,2,531,2
4,2,596,1
4,2,607,1
4,2,651,1
4,2,663,1
4,3,54,7
4,3,63,1
4,3,67,1
4,3,69,2
4,3,93,2
4,3,100,1
4,3,114,1
4,3,130,1
4,3,146,3
4,3,150,2
4,3,153,2
4,3,158,4
4,3,162,5
4,3,168,1
4,3,172,3
4,3,192,1
4,3,193,1
4,3,206,1
4,3,220,1
4,3,310,1
4,3,325,2
4,3,327,1
4,3,341,2
4,3,345,1
4,3,353,1
4,3,359,1
4,3,361,1
4,3,367,1
4,3,370,1
4,3,400,1
4,3,411,1
4,3,418,4
4,3,422,1
4,3,439,3
4,3,445,1
4,3,452,1
4,3,497,1
4,3,498,1
4,3,512,1
4,3,549,2
4,3,555,1
4,3,557,1
4,3,567,1
4,3,597,2
4,3,604,1
4,3,610,1
4,3,618,1
4,3,647,1
4,3,663,1
5,0,4,2
5,0,10,1
5,0,12,2
5,0,13,1
5,0,15,3
5,0,17,3
5,0,26,3
5,0,27,1
5,0,34,1
5,0,38,1
5,0,40,3
5,0,41,3
5,0,50,3
5,0,54,3
5,0,59,1
5,0,81,1
5,0,82,1
5,0,88,1
5,0,93,1
5,0,98,2
5,0,123,3
5,0,124,1
5,0,130,1
5,0,138,1
5,0,139,1
5,0,146,1
5,0,154,1
5,0,156,1
5,0,161,1
5,0,162,1
5,0,184,2
5,0,188,6
5,0,189,1
5,0,190,1
5,0,193,1
5,0,198,1
5,0,199,3
5,0,201,1
5,0,204,1
5,0,206,2
5,0,213,1
5,0,223,1
5,0,224,2
5,0,231,1
5,0,232,1
5,0,241,1
5,0,244,1
5,0,255,1
5,0,257,2
5,0,258,1
5,0,271,1
5,0,284,1
5,0,296,2
5,0,300,2
5,0,306,1
5,0,323,2
5,0,332,2
5,0,360,2
5,0,361,1
5,0,362,2
5,0,364,1
5,0,370,1
5,0,372,1
5,0,383,1
5,0,432,1
5,0,440,2
5,0,441,1
5,0,455,1
5,0,536,1
5,0,543,1
5,0,544,1
5,0,547,1
5,0,599,2
5,0,619,1
5,0,632,1
5,0,634,1
5,0,643,1
5,1,27,1
5,1,48,1
5,1,50,1
5,1,56,1
5,1,57,4
5,1,58,1
5,1,59,2
5,1,60,2
5,1,61,1
5,1,73,1
5,1,81,3
5,1,83,2
5,1,85,1
5,1,88,1
5,1,90,1
5,1,94,14
5,1,99,1
5,1,114,1
5,1,124,1
5,1,130,2
5,1,138,1
5,1,139,1
5,1,148,1
5,1,154,1
5,1,192,1
5,1,205,4
5,1,206,1
5,1,209,1
5,1,218,1
5,1,222,1
5,1,245,1
5,1,251,1
5,1,276,1
5,1,278,1
5,1,289,1
5,1,292,1
5,1,301,1
5,1,305,2
5,1,323,2
5,1,326,1
5,1,349,2
5,1,356,3
5,1,359,1
5,1,372,1
5,1,376,1
5,1,383,1
5,1,390,1
5,1,403,1
5,1,413,2
5,1,429,1
5,1,469,2
5,1,485,1
5,1,489,1
5,1,512,2
5,1,524,1
5,1,544,1
5,1,579,1
5,1,591,1
5,1,597,1
5,1,599,1
5,1,619,3
5,1,622,1
5,1,626,2
5,2,7,3
5,2,12,2
5,2,60,1
5,2,81,1
5,2,112,2
5,2,114,1
5,2,116,5
5,2,123,1
5,2,124,2
5,2,125,5
5,2,134,3
5,2,135,1
5,2,137,3
5,2,138,1
5,2,143,1
5,2,148,1
5,2,159,1
5,2,161,1
5,2,175,1
5,2,183,1
5,2,214,1
5,2,221,2
5,2,228,11
5,2,259,1
5,2,268,2
5,2,271,1
5,2,323,3
5,2,328,1
5,2,341,1
5,2,351,2
5,2,362,1
5,2,365,2
5,2,376,1
5,2,388,2
5,2,399,1
5,2,413,4
5,2,416,1
5,2,427,1
5,2,445,1
5,2,469,1
5,2,485,1
5,2,520,1
5,2,567,1
5,2,571,2
5,2,582,1
5,2,608,1
5,2,617,1
5,2,619,1
5,2,649,1
5,2,663,1
5,3,3,1
5,3,37,1
5,3,49,1
5,3,54,1
5,3,60,4
5,3,61,2
5,3,63,3
5,3,66,1
5,3,68,1
5,3,69,3
5,3,81,3
5,3,86,1
5,3,87,1
5,3,88,1
5,3,93,1
5,3,103,1
5,3,111,1
5,3,123,3
5,3,124,1
5,3,145,1
5,3,150,3
5,3,158,1
5,3,162,4
5,3,167,1
5,3,172,7
5,3,188,1
5,3,206,1
5,3,207,1
5,3,225,1
5,3,252,1
5,3,257,2
5,3,277,1
5,3,283,1
5,3,288,1
5,3,301,2
5,3,311,1
5,3,334,1
5,3,344,1
5,3,349,1
5,3,352,1
5,3,356,1
5,3,366,1
5,3,375,1
5,3,376,2
5,3,385,2
5,3,388,1
5,3,403,1
5,3,412,1
5,3,431,1
5,3,445,2
5,3,469,1
5,3,474,1
5,3,483,1
5,3,484,1
5,3,512,1
5,3,529,1
5,3,546,1
5,3,565,1
5,3,581,1
5,3,600,1
5,3,607,1
5,3,610,1
5,3,616,1
5,3,619,1
5,3,630,1
5,3,633,1
5,3,645,1
5,3,652,1
5,3,653,1
5,3,662,1
6,0,4,3
6,0,15,3
6,0,18,3
6,0,27,1
6,0,28,1
6,0,32,2
6,0,34,2
6,0,37,1
6,0,40,5
6,0,41,4
6,0,47,3
6,0,48,1
6,0,50,9
6,0,53,1
6,0,54,2
6,0,68,1
6,0,69,3
6,0,70,2
6,0,76,2
6,0,77,4
6,0,86,1
6,0,105,1
6,0,130,1
6,0,175,1
6,0,179,1
6,0,188,3
6,0,194,3
6,0,199,1
6,0,240,2
6,0,266,1
6,0,293,1
6,0,297,1
6,0,305,2
6,0,312,1
6,0,313,1
6,0,316,1
6,0,329,2
6,0,346,1
6,0,356,1
6,0,365,1
6,0,366,2
6,0,438,1
6,0,443,1
6,0,464,1
6,0,484,1
6,0,491,2
6,0,527,1
6,0,533,1
6,0,538,1
6,0,558,1
6,0,594,1
6,0,629,1
6,0,652,1
6,0,661,1
6,1,21,2
6,1,27,3
6,1,57,3
6,1,59,1
6,1,64,1
6,1,69,1
6,1,72,1
6,1,76,3
6,1,79,1
6,1,85,2
6,1,88,2
6,1,90,1
6,1,91,1
6,1,93,3
6,1,94,4
6,1,99,2
6,1,104,1
6,1,107,1
6,1,149,1
6,1,198,1
6,1,220,1
6,1,223,1
6,1,242,1
6,1,247,1
6,1,251,1
6,1,253,1
6,1,301,1
6,1,307,1
6,1,315,1
6,1,345,2
6,1,349,1
6,1,362,1
6,1,364,1
6,1,365,2
6,1,407,1
6,1,445,1
6,1,446,1
6,1,447,1
6,1,454,1
6,1,458,1
6,1,491,1
6,1,498,1
6,1,510,3
6,1,587,1
6,1,588,1
6,1,596,1
6,1,611,1
6,1,614,1
6,1,634,1
6,1,635,6
6,2,10,1
6,2,12,2
6,2,24,1
6,2,48,1
6,2,57,1
6,2,116,3
6,2,121,1
6,2,125,1
6,2,136,2
6,2,139,1
6,2,160,3
6,2,164,1
6,2,174,1
6,2,227,7
6,2,231,1
6,2,232,1
6,2,245,2
6,2,279,1
6,2,282,1
6,2,310,2
6,2,312,1
6,2,313,1
6,2,337,1
6,2,339,1
6,2,351,2
6,2,356,1
6,2,376,1
6,2,397,2
6,2,414,1
6,2,449,1
6,2,459,1
6,2,464,1
6,2,465,1
6,2,469,1
6,2,478,3
6,2,486,1
6,2,496,1
6,2,531,2
6,2,542,1
6,2,548,1
6,2,570,2
6,2,595,1
6,2,624,2
6,2,638,1
6,2,648,1
6,2,654,1
6,3,27,1
6,3,31,1
6,3,35,1
6,3,48,1
6,3,56,1
6,3,57,4
6,3,60,1
6,3,68,1
6,3,76,1
6,3,85,3
6,3,86,1
6,3,91,1
6,3,93,2
6,3,97,1
6,3,98,1
6,3,104,1
6,3,105,1
6,3,107,2
6,3,119,1
6,3,124,1
6,3,142,2
6,3,147,1
6,3,150,4
6,3,151,1
6,3,153,2
6,3,157,5
6,3,158,3
6,3,160,1
6,3,161,1
6,3,162,2
6,3,172,4
6,3,174,2
6,3,193,1
6,3,195,1
6,3,216,1
6,3,221,3
6,3,223,2
6,3,225,1
6,3,238,2
6,3,249,1
6,3,251,1
6,3,256,2
6,3,265,1
6,3,268,1
6,3,281,1
6,3,297,1
6,3,313,2
6,3,337,3
6,3,339,1
6,3,361,1
6,3,366,1
6,3,372,1
6,3,388,1
6,3,389,1
6,3,391,1
6,3,405,1
6,3,413,4
6,3,439,2
6,3,470,1
6,3,486,1
6,3,491,1
6,3,507,1
6,3,512,1
6,3,514,2
6,3,538,1
6,3,541,1
6,3,547,1
6,3,564,1
6,3,575,1
6,3,577,1
6,3,618,1
6,3,621,1
6,3,623,1
6,3,630,1
6,3,640,1
6,3,648,1
7,0,2,1
7,0,4,3
7,0,15,3
7,0,17,7
7,0,18,6
7,0,26,2
7,0,27,1
7,0,34,1
7,0,37,1
7,0,40,1
7,0,41,1
7,0,47,4
7,0,50,4
7,0,51,1
7,0,53,3
7,0,54,1
7,0,63,1
7,0,70,1
7,0,77,3
7,0,90,1
7,0,92,1
7,0,93,2
7,0,123,3
7,0,138,1
7,0,139,1
7,0,141,1
7,0,159,1
7,0,164,1
7,0,167,2
7,0,172,1
7,0,178,1
7,0,179,1
7,0,182,1
7,0,185,4
7,0,188,1
7,0,194,1
7,0,206,1
7,0,218,1
7,0,270,1
7,0,278,1
7,0,299,1
7,0,317,1
7,0,326,2
7,0,341,1
7,0,350,1
7,0,351,1
7,0,361,1
7,0,364,1
7,0,374,1
7,0,401,2
7,0,406,1
7,0,413,2
7,0,469,2
7,0,470,1
7,0,492,3
7,0,512,1
7,0,544,1
7,0,554,1
7,0,596,1
7,0,612,1
7,0,644,1
7,1,1,1
7,1,10,1
7,1,16,4
7,1,21,1
7,1,24,1
7,1,27,2
7,1,31,1
7,1,35,1
7,1,60,1
7,1,64,1
7,1,77,1
7,1,83,3
7,1,87,1
7,1,90,2
7,1,92,1
7,1,94,11
7,1,95,1
7,1,96,1
7,1,99,2
7,1,107,4
7,1,124,1
7,1,127,3
7,1,138,1
7,1,178,1
7,1,205,2
7,1,206,2
7,1,217,4
7,1,245,1
7,1,271,1
7,1,319,1
7,1,326,2
7,1,349,1
7,1,380,1
7,1,412,2
7,1,454,1
7,1,457,1
7,1,458,2
7,1,465,1
7,1,491,6
7,1,494,1
7,1,507,1
7,1,555,1
7,1,562,1
7,1,566,1
7,1,572,1
7,1,582,1
7,1,598,1
7,1,635,2
7,1,657,2
7,2,16,1
7,2,29,1
7,2,77,1
7,2,107,8
7,2,108,1
7,2,112,2
7,2,116,4
7,2,123,7
7,2,125,4
7,2,128,1
7,2,129,9
7,2,131,2
7,2,133,1
7,2,139,1
7,2,164,2
7,2,170,1
7,2,187,1
7,2,192,1
7,2,214,1
7,2,221,1
7,2,226,1
7,2,233,4
7,2,243,1
7,2,256,1
7,2,294,1
7,2,321,1
7,2,339,1
7,2,351,4
7,2,365,1
7,2,400,1
7,2,402,1
7,2,406,1
7,2,413,2
7,2,450,1
7,2,459,1
7,2,470,1
7,2,512,2
7,2,631,1
7,2,657,1
7,3,1,1
7,3,73,1
7,3,77,1
7,3,85,3
7,3,93,3
7,3,105,1
7,3,109,1
7,3,114,1
7,3,138,1
7,3,143,1
7,3,145,3
7,3,150,6
7,3,157,3
7,3,158,1
7,3,162,2
7,3,167,1
7,3,172,6
7,3,192,1
7,3,204,1
7,3,206,1
7,3,210,1
7,3,223,1
7,3,236,1
7,3,256,1
7,3,271,3
7,3,283,1
7,3,309,1
7,3,313,1
7,3,337,1
7,3,351,1
7,3,361,1
7,3,364,1
7,3,377,1
7,3,401,1
7,3,457,1
7,3,475,2
7,3,476,1
7,3,484,1
7,3,503,4
7,3,558,3
7,3,601,1
7,3,617,1
7,3,618,1
7,3,657,2
7,3,660,1
8,0,4,3
8,0,15,2
8,0,17,2
8,0,18,2
8,0,26,1
8,0,28,2
8,0,32,6
8,0,34,2
8,0,40,7
8,0,41,2
8,0,44,2
8,0,47,1
8,0,50,9
8,0,53,1
8,0,55,1
8,0,60,2
8,0,69,4
8,0,71,4
8,0,75,3
8,0,82,1
8,0,85,2
8,0,93,2
8,0,100,1
8,0,105,2
8,0,118,1
8,0,137,1
8,0,148,1
8,0,152,1
8,0,153,1
8,0,161,2
8,0,188,2
8,0,199,1
8,0,200,3
8,0,221,1
8,0,234,1
8,0,240,1
8,0,259,1
8,0,263,1
8,0,266,2
8,0,284,1
8,0,288,1
8,0,292,1
8,0,307,1
8,0,308,1
8,0,311,1
8,0,332,1
8,0,335,1
8,0,358,2
8,0,365,1
8,0,372,1
8,0,373,1
8,0,376,1
8,0,379,1
8,0,386,1
8,0,388,1
8,0,392,1
8,0,404,1
8,0,424,1
8,0,426,2
8,0,444,1
8,0,447,2
8,0,462,1
8,0,488,1
8,0,492,2
8,0,513,1
8,0,519,1
8,0,534,1
8,0,581,1
8,0,599,1
8,0,608,1
8,0,642,1
8,0,661,1
8,1,49,1
8,1,54,2
8,1,55,1
8,1,57,1
8,1,59,1
8,1,60,1
8,1,61,5
8,1,62,1
8,1,64,2
8,1,67,1
8,1,76,2
8,1,79,1
8,1,90,3
8,1,94,11
8,1,99,3
8,1,102,1
8,1,115,1
8,1,140,1
8,1,153,1
8,1,161,1
8,1,168,3
8,1,169,1
8,1,170,1
8,1,205,1
8,1,208,1
8,1,209,4
8,1,218,1
8,1,221,1
8,1,250,1
8,1,268,1
8,1,280,1
8,1,284,3
8,1,292,2
8,1,317,1
8,1,322,1
8,1,323,1
8,1,335,1
8,1,345,9
8,1,349,1
8,1,356,1
8,1,364,1
8,1,367,1
8,1,376,1
8,1,378,1
8,1,387,1
8,1,411,1
8,1,419,1
8,1,423,1
8,1,426,1
8,1,428,1
8,1,429,2
8,1,450,1
8,1,511,2
8,1,512,1
8,1,546,1
8,1,597,1
8,1,622,1
8,1,625,1
8,1,658,1
8,2,3,1
8,2,7,2
8,2,12,1
8,2,23,1
8,2,33,2
8,2,36,1
8,2,37,1
8,2,46,1
8,2,50,1
8,2,52,1
8,2,53,1
8,2,116,3
8,2,125,3
8,2,126,2
8,2,135,1
8,2,148,1
8,2,153,1
8,2,154,3
8,2,180,1
8,2,188,13
8,2,193,1
8,2,194,2
8,2,197,2
8,2,204,1
8,2,220,1
8,2,221,1
8,2,227,2
8,2,231,1
8,2,250,1
8,2,261,1
8,2,288,1
8,2,302,2
8,2,303,2
8,2,334,2
8,2,344,1
8,2,365,2
8,2,367,1
8,2,376,1
8,2,378,1
8,2,379,1
8,2,384,1
8,2,387,1
8,2,400,1
8,2,413,1
8,2,417,1
8,2,427,2
8,2,447,2
8,2,468,1
8,2,471,2
8,2,487,1
8,2,500,1
8,2,519,1
8,2,572,1
8,2,579,1
8,2,603,1
8,2,605,1
8,2,625,1
8,2,651,1
8,2,654,2
8,2,658,1
8,2,660,1
8,3,12,1
8,3,28,2
8,3,34,1
8,3,40,1
8,3,41,2
8,3,49,1
8,3,57,3
8,3,60,3
8,3,69,1
8,3,80,1
8,3,85,7
8,3,102,1
8,3,104,2
8,3,105,1
8,3,136,1
8,3,144,1
8,3,149,1
8,3,150,2
8,3,156,1
8,3,161,1
8,3,162,1
8,3,168,1
8,3,169,1
8,3,170,1
8,3,172,3
8,3,200,1
8,3,202,1
8,3,221,1
8,3,223,1
8,3,250,2
8,3,256,1
8,3,260,1
8,3,267,1
8,3,274,2
8,3,275,1
8,3,281,1
8,3,290,1
8,3,301,1
8,3,316,1
8,3,317,1
8,3,328,4
8,3,345,2
8,3,356,1
8,3,367,1
8,3,376,1
8,3,382,1
8,3,386,2
8,3,393,1
8,3,399,1
8,3,404,1
8,3,414,1
8,3,424,1
8,3,432,1
8,3,471,1
8,3,474,2
8,3,477,1
8,3,478,1
8,3,481,1
8,3,482,1
8,3,491,2
8,3,512,1
8,3,514,7
8,3,517,2
8,3,522,1
8,3,573,1
8,3,598,1
8,3,622,1
8,3,625,1
8,3,649,1
8,3,658,1
9,0,2,1
9,0,4,2
9,0,6,1
9,0,7,1
9,0,14,1
9,0,17,3
9,0,18,5
9,0,19,3
9,0,26,1
9,0,27,2
9,0,29,3
9,0,32,2
9,0,34,3
9,0,38,2
9,0,40,2
9,0,41,2
9,0,43,1
9,0,47,1
9,0,50,4
9,0,51,3
9,0,55,2
9,0,56,2
9,0,82,3
9,0,86,3
9,0,107,1
9,0,108,1
9,0,117,2
9,0,137,3
9,0,138,1
9,0,144,1
9,0,146,1
9,0,148,1
9,0,156,2
9,0,164,5
9,0,179,1
9,0,183,1
9,0,184,1
9,0,185,1
9,0,200,4
9,0,203,1
9,0,206,4
9,0,259,1
9,0,294,1
9,0,315,2
9,0,357,1
9,0,365,1
9,0,367,1
9,0,377,1
9,0,391,1
9,0,397,2
9,0,398,3
9,0,399,1
9,0,400,2
9,0,404,1
9,0,407,1
9,0,408,1
9,0,418,1
9,0,431,1
9,0,433,1
9,0,452,1
9,0,480,1
9,0,506,1
9,0,515,1
9,0,517,2
9,0,519,2
9,0,520,1
9,0,526,1
9,0,531,1
9,0,540,1
9,0,559,1
9,0,598,1
9,0,604,2
9,0,624,2
9,0,628,1
9,0,632,1
9,0,660,1
9,1,27,1
9,1,31,1
9,1,56,1
9,1,60,1
9,1,61,2
9,1,64,1
9,1,67,1
9,1,90,2
9,1,91,1
9,1,94,6
9,1,95,1
9,1,99,2
9,1,106,1
9,1,107,1
9,1,144,2
9,1,156,2
9,1,163,1
9,1,175,2
9,1,183,1
9,1,184,1
9,1,190,1
9,1,191,1
9,1,205,1
9,1,206,1
9,1,207,1
9,1,208,1
9,1,209,1
9,1,212,1
9,1,217,1
9,1,225,1
9,1,227,1
9,1,231,2
9,1,254,1
9,1,271,1
9,1,278,1
9,1,284,1
9,1,299,1
9,1,301,2
9,1,305,1
9,1,326,1
9,1,343,1
9,1,350,1
9,1,353,3
9,1,354,1
9,1,358,1
9,1,366,2
9,1,372,1
9,1,390,1
9,1,403,2
9,1,407,1
9,1,411,1
9,1,423,1
9,1,446,1
9,1,451,1
9,1,454,2
9,1,458,1
9,1,469,1
9,1,491,1
9,1,494,1
9,1,495,1
9,1,506,1
9,1,509,1
9,1,516,2
9,1,523,1
9,1,564,1
9,1,592,1
9,1,630,1
9,1,655,1
9,1,659,2
9,2,7,1
9,2,12,4
9,2,21,1
9,2,33,1
9,2,44,2
9,2,48,2
9,2,50,1
9,2,67,1
9,2,86,1
9,2,101,2
9,2,112,4
9,2,116,9
9,2,122,2
9,2,123,1
9,2,125,3
9,2,126,4
9,2,129,2
9,2,133,1
9,2,138,1
9,2,143,1
9,2,183,1
9,2,188,1
9,2,194,1
9,2,218,1
9,2,223,1
9,2,228,3
9,2,233,4
9,2,246,1
9,2,250,1
9,2,256,1
9,2,277,1
9,2,290,2
9,2,302,1
9,2,323,1
9,2,328,1
9,2,335,3
9,2,338,3
9,2,339,2
9,2,344,1
9,2,346,1
9,2,351,1
9,2,356,1
9,2,400,2
9,2,407,1
9,2,413,2
9,2,432,1
9,2,465,5
9,2,480,1
9,2,526,3
9,2,531,1
9,2,555,1
9,2,573,1
9,2,590,1
9,2,604,1
9,2,612,1
9,2,623,1
9,2,631,1
9,2,639,1
9,2,644,1
9,2,659,2
9,3,10,1
9,3,11,1
9,3,21,1
9,3,42,4
9,3,45,1
9,3,64,1
9,3,91,1
9,3,96,2
9,3,103,1
9,3,105,1
9,3,107,3
9,3,119,1
9,3,126,3
9,3,141,1
9,3,143,1
9,3,145,1
9,3,150,4
9,3,158,5
9,3,162,1
9,3,172,3
9,3,175,1
9,3,192,2
9,3,206,2
9,3,225,1
9,3,241,1
9,3,250,1
9,3,265,1
9,3,269,4
9,3,291,1
9,3,296,1
9,3,314,1
9,3,330,1
9,3,335,2
9,3,359,1
9,3,366,1
9,3,372,1
9,3,376,1
9,3,392,1
9,3,398,2
9,3,400,2
9,3,439,1
9,3,448,1
9,3,516,1
9,3,526,1
9,3,535,1
9,3,538,1
9,3,575,2
9,3,585,1
9,3,593,1
9,3,601,2
9,3,623,1
9,3,624,1
9,3,625,1
9,3,652,1
